snapshot_week,player_id,player_name,position,team,roster_status,injury_status,opponent,offensive_play_caller,defensive_play_caller,play_caller_matchup_score,play_caller_historical_ppr,play_caller_sample_size,player_vs_defensive_caller_score,player_vs_defensive_caller_ppr,player_vs_defensive_caller_sample_size,opportunity_score,production_score,usage_score,matchup_score,redzone_score,expert_score,risk_score,trench_score,scoring_environment_score,implied_team_total,game_total,spread_line,model_score,position_rank,recommendation
5,4984,Josh Allen,QB,BUF,Active,,LAR,Joe Brady,Chris Shula,58,51.88,1,58,51.88,1,80,100,100,32,70,83,6,44.83,78,25.8,54.5,3,76.9,1,START
5,3163,Jared Goff,QB,DET,Active,,ARI,Drew Petzing,Nick Rallis,50,,0,50,16.56,1,88,82,38,66,85,86,6,48.93,100,30,54.5,-5.5,71.9,2,START
5,421,Matthew Stafford,QB,LA,Active,,BUF,Sean McVay,Jim Leonhard,50,,0,50,,0,100,80,47,64,64,82,10,47.4,93,28.8,54.5,3,71.6,3,START
5,4017,Deshaun Watson,QB,CLE,Active,,NYJ,Todd Monken,Aaron Glenn,53,35.88,1,50,,0,81,65,100,35,48,95,6,49.81,39,18.5,39.5,2.5,66.2,4,START
5,3257,Jacoby Brissett,QB,ARI,Active,,DET,Mike LaFleur,Kelvin Sheppard,50,,0,50,,0,85,60,48,80,76,75,10,44.81,71,24.5,54.5,-5.5,66,5,START
5,12545,Tyler Shough,QB,NO,Active,,MIN,Kellen Moore,Brian Flores,50,29.3,1,50,,0,93,80,63,21,70,86,6,41.08,45,19.5,41.5,-2.5,66,6,START
5,6770,Joe Burrow,QB,CIN,Active,,MIA,Zac Taylor,Jeff Hafley,46,16.76,1,50,,0,88,81,47,49,36,84,2,46.18,75,25.2,43.5,-7,65.1,7,START
5,11563,Bo Nix,QB,DEN,Active,,LAC,Davis Webb,Chris O'Leary,50,,0,50,,0,81,61,57,52,70,89,2,46.9,61,22.5,41.5,-3.5,64.3,8,START
5,11566,Jayden Daniels,QB,WAS,Active,,NYG,David Blough,Dennard Wilson,50,,0,53,29.64,1,65,57,75,48,82,85,2,50.02,61,22.5,41.5,3.5,64.3,9,START
5,8183,Brock Purdy,QB,SF,Active,,SEA,Kyle Shanahan,Mike Macdonald,30,18.11,4,51,18.11,4,64,94,65,35,48,85,2,47.72,54,21.2,45.5,3,63.8,10,START
5,1166,Kirk Cousins,QB,LV,Active,,NE,Klint Kubiak,Zak Kuhr,50,,0,50,,0,83,79,34,41,58,91,10,47.32,53,21,45.5,3.5,62.3,11,START
5,11564,Drake Maye,QB,NE,Active,,LV,Josh McDaniels,Rob Leonard,50,,0,50,,0,68,57,70,50,55,71,2,44.42,71,24.5,45.5,3.5,61.3,12,START
5,6904,Jalen Hurts,QB,PHI,Active,,JAX,Sean Mannion,Anthony Campanile,50,,0,50,,0,71,57,74,46,48,88,2,46.74,32,17,41.5,7.5,59.7,13,SIT
5,9758,C.J. Stroud,QB,HOU,Active,,TEN,Nick Caley,Robert Saleh,49,23.72,1,51,23.72,1,82,61,49,40,42,80,2,45.1,62,22.8,38.5,-7,59.5,14,SIT
5,96,Aaron Rodgers,QB,PIT,Active,,IND,Mike McCarthy,Lou Anarumo,46,15.82,1,49,12.12,1,80,67,23,50,55,82,10,43.69,64,23.2,43.5,3,58.4,15,SIT
5,7523,Trevor Lawrence,QB,JAX,Active,,PHI,Liam Coen,Vic Fangio,50,28.88,1,50,19.56,1,62,51,44,49,52,83,2,48.1,71,24.5,41.5,7.5,56.5,16,SIT
5,6804,Jordan Love,QB,GB,Active,,CHI,Matt LaFleur,Dennis Allen,44,19.14,2,47,12.52,2,80,58,36,20,55,84,2,43.68,58,22,45.5,-1.5,55.6,17,SIT
5,6797,Justin Herbert,QB,LAC,Active,,DEN,Mike McDaniel,Vance Joseph,52,34.94,1,45,14.07,4,72,50,57,44,36,92,2,40.73,42,19,41.5,-3.5,55.4,18,SIT
5,5870,Daniel Jones,QB,IND,Active,,PIT,Shane Steichen,Patrick Graham,41,16.1,2,46,9.29,2,76,46,43,42,48,95,2,47.6,49,20.2,43.5,3,54.9,19,SIT
5,1373,Geno Smith,QB,NYJ,Active,,CLE,Frank Reich,Mike Rutenberg,50,,0,50,,0,68,59,39,45,42,70,10,40.48,53,21,39.5,2.5,54.2,20,SIT
5,12522,Cam Ward,QB,TEN,Active,,HOU,Brian Daboll,Matt Burke,50,,0,46,10.79,2,66,55,45,39,55,85,6,46.48,25,15.8,38.5,-7,53.7,21,SIT
5,11559,Michael Penix,QB,ATL,Active,,BAL,Tommy Rees,Jesse Minter,50,,0,50,,0,50,47,21,46,50,95,2,51.83,66,23.5,43.5,3.5,51,22,SIT
5,8161,Malik Willis,QB,MIA,Active,,CIN,Bobby Slowik,Al Golden,50,,0,50,,0,61,37,63,46,24,73,2,46.29,38,18.2,43.5,-7,50.5,23,SIT
5,4943,Sam Darnold,QB,SEA,Active,,SF,Brian Fleury,Raheem Morris,50,,0,50,19.46,1,50,56,20,42,42,37,2,51.12,70,24.2,45.5,3,48.8,24,SIT
5,2306,Jameis Winston,QB,NYG,Active,,WAS,Matt Nagy,Daronte Jones,50,,0,50,,0,56,39,21,65,24,70,6,44.95,42,19,41.5,3.5,46.2,25,SIT
5,5849,Kyler Murray,QB,MIN,Active,,NO,Kevin O'Connell,Brandon Staley,50,,0,50,18.32,1,55,30,45,43,27,53,2,44.08,58,22,41.5,-2.5,46.1,26,SIT
5,11256,Tyson Bagent,QB,CHI,Active,,GB,Ben Johnson,Jonathan Gannon,46,17.5,1,50,,0,48,23,15,36,82,45,2,48.11,66,23.5,45.5,-1.5,44.2,27,SIT
5,7083,Tyler Huntley,QB,BAL,Active,,ATL,Declan Doyle,Jeff Ulbrich,50,,0,49,14.68,1,27,15,53,51,0,50,2,48.73,47,20,43.5,3.5,37.7,28,SIT
5,9221,Jahmyr Gibbs,RB,DET,Active,,ARI,Drew Petzing,Nick Rallis,50,,0,53,16.3,1,95,100,102,35,100,80,2,41.21,100,30,54.5,-5.5,85.8,1,START
5,6813,Jonathan Taylor,RB,IND,Active,,PIT,Shane Steichen,Patrick Graham,49,31.1,2,92,23.77,3,100,74,84,46,92,83,2,44.09,49,20.2,43.5,3,75.7,2,START
5,8150,Kyren Williams,RB,LA,Active,,BUF,Sean McVay,Jim Leonhard,50,,0,50,,0,83,92,73,49,75,77,2,46.99,93,28.8,54.5,3,74.3,3,START
5,9509,Bijan Robinson,RB,ATL,Active,,BAL,Tommy Rees,Jesse Minter,50,,0,58,25.5,1,92,90,69,31,100,76,2,45.96,66,23.5,43.5,3.5,73.9,4,START
5,3198,Derrick Henry,RB,BAL,Active,,ATL,Declan Doyle,Jeff Ulbrich,50,,0,50,,0,91,67,80,37,100,89,6,41.21,47,20,43.5,3.5,69.7,5,START
5,4199,Aaron Jones,RB,MIN,Active,,NO,Kevin O'Connell,Brandon Staley,50,,0,50,,0,95,50,90,75,17,87,6,43.96,58,22,41.5,-2.5,68.4,6,START
5,11435,Emanuel Wilson,RB,SEA,Active,,SF,Brian Fleury,Raheem Morris,50,,0,48,4.3,1,72,46,63,55,100,58,2,44.35,70,24.2,45.5,3,68.4,7,START
5,8138,James Cook,RB,BUF,Active,,LAR,Joe Brady,Chris Shula,48,18.4,1,48,4.9,1,81,71,71,24,92,86,2,45.75,78,25.8,54.5,3,68.2,8,START
5,6790,D'Andre Swift,RB,CHI,Active,,GB,Ben Johnson,Jonathan Gannon,51,42.5,1,58,26.5,1,78,43,56,70,100,84,2,45.89,66,23.5,45.5,-1.5,68,9,START
5,12527,Ashton Jeanty,RB,LV,Active,Questionable,NE,Klint Kubiak,Zak Kuhr,50,,0,50,,0,94,50,86,49,100,81,36,36.2,53,21,45.5,3.5,67.1,10,START
5,4034,Christian McCaffrey,RB,SF,Active,,SEA,Kyle Shanahan,Mike Macdonald,37,19.82,4,78,18.65,4,69,73,69,47,83,84,6,38.95,54,21.2,45.5,3,66.4,11,START
5,12512,Quinshon Judkins,RB,CLE,Active,,NYJ,Todd Monken,Aaron Glenn,50,34.2,1,50,,0,78,50,73,80,58,79,6,40.44,39,18.5,39.5,2.5,65.5,12,START
5,13287,Jeremiyah Love,RB,ARI,Active,,DET,Mike LaFleur,Kelvin Sheppard,50,,0,50,,0,68,44,70,43,58,64,10,48.64,71,24.5,54.5,-5.5,64.1,13,START
5,12490,Bhayshul Tuten,RB,JAX,Active,,PHI,Liam Coen,Vic Fangio,49,25.6,1,50,,0,65,51,63,51,75,88,6,45.41,71,24.5,41.5,7.5,61.4,14,START
5,8228,Jaylen Warren,RB,PIT,Active,,IND,Mike McCarthy,Lou Anarumo,48,18.2,1,53,9.95,4,76,56,83,39,25,80,2,43.4,64,23.2,43.5,3,60.5,15,START
5,9224,Chase Brown,RB,CIN,Active,,MIA,Zac Taylor,Jeff Hafley,47,12.1,1,49,6.9,1,77,48,87,51,17,79,2,39.6,75,25.2,43.5,-7,60.2,16,START
5,5967,Tony Pollard,RB,TEN,Active,,HOU,Brian Daboll,Matt Burke,50,,0,49,8.1,2,72,41,74,40,100,83,2,39.59,25,15.8,38.5,-7,59.5,17,START
5,12507,Omarion Hampton,RB,LAC,Active,,DEN,Mike McDaniel,Vance Joseph,58,103.1,1,57,24.9,1,67,47,57,41,92,67,6,44.16,42,19,41.5,-3.5,58.5,18,START
5,12481,Cam Skattebo,RB,NYG,Active,,WAS,Matt Nagy,Daronte Jones,50,,0,50,,0,76,37,72,37,58,85,6,39.73,42,19,41.5,3.5,56.4,19,START
5,8154,Brian Robinson,RB,ATL,Active,,BAL,Tommy Rees,Jesse Minter,50,,0,50,,0,49,55,37,31,42,72,13,45.96,66,23.5,43.5,3.5,50.4,20,START
5,6806,J.K. Dobbins,RB,DEN,Active,,LAC,Davis Webb,Chris O'Leary,50,,0,50,,0,54,21,55,51,50,77,2,40.77,61,22.5,41.5,-3.5,49.4,21,START
5,4035,Alvin Kamara,RB,NO,Active,Questionable,MIN,Kellen Moore,Brian Flores,46,3.4,1,53,14.5,1,50,43,46,34,42,65,36,37.41,45,19.5,41.5,-2.5,49.2,22,START
5,12495,Ollie Gordon,RB,MIA,Active,,CIN,Bobby Slowik,Al Golden,50,,0,50,,0,50,40,45,36,50,47,6,34.5,38,18.2,43.5,-7,49.1,23,START
5,12533,Jacory Croskey-Merritt,RB,WAS,Active,,NYG,David Blough,Dennard Wilson,50,,0,50,,0,59,22,52,42,42,84,6,40.18,61,22.5,41.5,3.5,48.7,24,START
5,8132,Tyler Allgeier,RB,ARI,Active,,DET,Mike LaFleur,Kelvin Sheppard,50,,0,50,,0,29,26,30,43,25,62,13,48.64,71,24.5,54.5,-5.5,48.5,25,FLEX
5,11576,Braelon Allen,RB,NYJ,Active,,CLE,Frank Reich,Mike Rutenberg,50,,0,50,,0,37,27,55,33,42,61,2,38.41,53,21,39.5,2.5,47.2,26,FLEX
5,12529,TreVeyon Henderson,RB,NE,Active,,LV,Josh McDaniels,Rob Leonard,50,,0,50,,0,53,26,46,55,17,63,17,42.35,71,24.5,45.5,3.5,46,27,FLEX
5,12048,George Holani,RB,SEA,Active,Questionable,SF,Brian Fleury,Raheem Morris,50,,0,50,,0,27,20,23,55,33,57,43,44.35,70,24.2,45.5,3,45.9,28,FLEX
5,9220,Evan Hull,RB,ARI,Active,,DET,Mike LaFleur,Kelvin Sheppard,50,,0,50,,0,50,0,20,43,50,50,5,48.64,71,24.5,54.5,-5.5,45.4,29,FLEX
5,10219,Chris Rodriguez,RB,JAX,Active,,PHI,Liam Coen,Vic Fangio,49,25.6,1,50,,0,50,25,25,51,42,73,13,45.41,71,24.5,41.5,7.5,45.3,30,FLEX
5,7611,Rhamondre Stevenson,RB,NE,Active,Questionable,LV,Josh McDaniels,Rob Leonard,50,,0,50,,0,46,35,40,55,17,62,32,42.35,71,24.5,45.5,3.5,45.2,31,FLEX
5,11581,MarShawn Lloyd,RB,GB,Active,,CHI,Matt LaFleur,Dennis Allen,45,17.6,2,50,,0,35,29,45,20,67,75,2,39.68,58,22,45.5,-1.5,44.8,32,FLEX
5,12489,RJ Harvey,RB,DEN,Active,,LAC,Davis Webb,Chris O'Leary,50,,0,50,,0,42,46,41,51,0,63,17,40.77,61,22.5,41.5,-3.5,44.8,33,FLEX
5,8136,Rachaad White,RB,WAS,Active,,NYG,David Blough,Dennard Wilson,50,,0,50,,0,40,37,32,42,33,77,13,40.18,61,22.5,41.5,3.5,44.6,34,FLEX
5,11299,Zavier Scott,RB,CHI,Active,,GB,Ben Johnson,Jonathan Gannon,51,42.5,1,50,,0,50,0,20,70,50,50,5,45.89,66,23.5,45.5,-1.5,44.2,35,FLEX
5,8122,Zonovan Knight,RB,ARI,Active,,DET,Mike LaFleur,Kelvin Sheppard,50,,0,50,,0,20,20,20,43,50,50,21,48.64,71,24.5,54.5,-5.5,43.8,36,FLEX
5,12474,Woody Marks,RB,HOU,Active,,TEN,Nick Caley,Robert Saleh,49,26.7,1,53,15.1,1,35,31,40,40,33,79,17,31.73,62,22.8,38.5,-7,43.1,37,SIT
5,8129,Dameon Pierce,RB,PHI,Active,,JAX,Sean Mannion,Anthony Campanile,50,,0,46,0,1,50,0,20,39,50,50,13,36.01,32,17,41.5,7.5,42.8,38,SIT
5,5892,David Montgomery,RB,HOU,Active,,TEN,Nick Caley,Robert Saleh,49,26.7,1,50,,0,40,19,50,40,25,82,2,31.73,62,22.8,38.5,-7,42.8,39,SIT
5,7537,Jaret Patterson,RB,CLE,Active,,NYJ,Todd Monken,Aaron Glenn,50,34.2,1,50,,0,50,0,20,80,50,50,5,40.44,39,18.5,39.5,2.5,42.7,40,SIT
5,9757,Kendre Miller,RB,NO,Active,,MIN,Kellen Moore,Brian Flores,46,3.4,1,50,,0,32,20,32,34,17,73,13,37.41,45,19.5,41.5,-2.5,42.3,41,SIT
5,9511,Keaton Mitchell,RB,LAC,Active,,DEN,Mike McDaniel,Vance Joseph,58,103.1,1,50,,0,42,36,36,41,8,69,13,44.16,42,19,41.5,-3.5,42,42,SIT
5,11586,Blake Corum,RB,LA,Active,,BUF,Sean McVay,Jim Leonhard,50,,0,50,,0,38,20,35,49,0,64,13,46.99,93,28.8,54.5,3,41.3,43,SIT
5,12457,Jaydon Blue,RB,PHI,Active,,JAX,Sean Mannion,Anthony Campanile,50,,0,50,,0,50,0,20,39,50,50,9,36.01,32,17,41.5,7.5,41.2,44,SIT
5,11577,Will Shipley,RB,PHI,Active,,JAX,Sean Mannion,Anthony Campanile,50,,0,50,,0,23,11,21,39,58,56,2,36.01,32,17,41.5,7.5,40.6,45,SIT
5,7021,Rico Dowdle,RB,PIT,Active,Questionable,IND,Mike McCarthy,Lou Anarumo,48,18.2,1,49,7.55,2,42,19,44,39,13,78,43,43.4,64,23.2,43.5,3,40.1,46,SIT
5,11649,Kendall Milton,RB,CIN,Active,,MIA,Zac Taylor,Jeff Hafley,47,12.1,1,50,,0,50,0,20,51,50,50,5,39.6,75,25.2,43.5,-7,39.5,47,SIT
5,12472,Raheim Sanders,RB,CLE,Active,,NYJ,Todd Monken,Aaron Glenn,50,34.2,1,50,,0,17,18,15,80,0,60,17,40.44,39,18.5,39.5,2.5,39.1,48,SIT
5,8139,Zamir White,RB,NO,Active,,MIN,Kellen Moore,Brian Flores,46,3.4,1,50,,0,50,0,20,34,50,50,5,37.41,45,19.5,41.5,-2.5,38.8,49,SIT
5,13305,Mike Washington,RB,LV,Active,,NE,Klint Kubiak,Zak Kuhr,50,,0,50,,0,50,18,25,49,25,45,21,36.2,53,21,45.5,3.5,38.7,50,SIT
5,12826,Ulysses Bentley,RB,NO,Active,,MIN,Kellen Moore,Brian Flores,46,3.4,1,50,,0,50,0,20,34,50,50,9,37.41,45,19.5,41.5,-2.5,38.6,51,SIT
5,6323,Andrew Beck,RB,NYJ,Active,,CLE,Frank Reich,Mike Rutenberg,50,,0,50,,0,20,20,20,33,50,50,25,38.41,53,21,39.5,2.5,37.8,52,SIT
5,7608,Khalil Herbert,RB,ATL,Active,,BAL,Tommy Rees,Jesse Minter,50,,0,50,,0,50,0,20,31,50,50,5,45.96,66,23.5,43.5,3.5,37.8,53,SIT
5,11384,Owen Wright,RB,LV,Active,,NE,Klint Kubiak,Zak Kuhr,50,,0,50,,0,50,0,20,49,50,50,5,36.2,53,21,45.5,3.5,37.8,54,SIT
5,11729,Sione Vaki,RB,DET,Active,,ARI,Drew Petzing,Nick Rallis,50,,0,50,,0,14,13,12,35,0,54,13,41.21,100,30,54.5,-5.5,37.6,55,SIT
5,12928,Amar Johnson,RB,LAC,Active,,DEN,Mike McDaniel,Vance Joseph,58,103.1,1,50,,0,50,0,20,41,50,50,9,44.16,42,19,41.5,-3.5,37.2,56,SIT
5,11588,Jawhar Jordan,RB,HOU,Active,,TEN,Nick Caley,Robert Saleh,49,26.7,1,50,,0,50,0,20,40,50,50,5,31.73,62,22.8,38.5,-7,37.2,57,SIT
5,12471,DJ Giddens,RB,IND,Active,,PIT,Shane Steichen,Patrick Graham,49,31.1,2,47,2.2,1,50,0,20,46,50,50,25,44.09,49,20.2,43.5,3,36.7,58,SIT
5,10235,Roschon Johnson,RB,CHI,Active,,GB,Ben Johnson,Jonathan Gannon,51,42.5,1,50,,0,10,6,5,70,25,30,13,45.89,66,23.5,45.5,-1.5,36.7,59,SIT
5,7528,Najee Harris,RB,NYG,Active,,WAS,Matt Nagy,Daronte Jones,50,,0,50,,0,28,11,26,37,58,62,13,39.73,42,19,41.5,3.5,36.6,60,SIT
5,8181,Connor Heyward,RB,LV,Active,,NE,Klint Kubiak,Zak Kuhr,50,,0,50,,0,20,20,20,49,50,50,21,36.2,53,21,45.5,3.5,36.2,61,SIT
5,4718,Dare Ogunbowale,RB,HOU,Active,,TEN,Nick Caley,Robert Saleh,49,26.7,1,47,2.7,1,50,0,20,40,50,50,25,31.73,62,22.8,38.5,-7,36.2,62,SIT
5,13414,Kaelon Black,RB,SF,Active,,SEA,Kyle Shanahan,Mike Macdonald,37,19.82,4,50,,0,23,7,22,47,58,79,21,38.95,54,21.2,45.5,3,36,63,SIT
5,12738,Phil Mafah,RB,NYG,Active,,WAS,Matt Nagy,Daronte Jones,50,,0,50,,0,50,0,20,37,50,50,9,39.73,42,19,41.5,3.5,36,64,SIT
5,12504,Kaleb Johnson,RB,GB,Active,,CHI,Matt LaFleur,Dennis Allen,45,17.6,2,50,,0,29,12,42,20,17,86,17,39.68,58,22,45.5,-1.5,35.9,65,SIT
5,00-0037157,Bam Knight,RB,ARI,UNKNOWN,,DET,Mike LaFleur,Kelvin Sheppard,50,,0,50,,0,8,9,12,43,0,50,5,48.64,71,24.5,54.5,-5.5,35.2,66,SIT
5,12516,Kalel Mullings,RB,TEN,Active,,HOU,Brian Daboll,Matt Burke,50,,0,50,,0,50,0,20,40,50,50,9,39.59,25,15.8,38.5,-7,35.1,67,SIT
5,13347,Demond Claiborne,RB,MIN,Active,,NO,Kevin O'Connell,Brandon Staley,50,,0,50,,0,9,3,9,75,0,49,21,43.96,58,22,41.5,-2.5,34.7,68,SIT
5,6130,Devin Singletary,RB,NYG,Active,,WAS,Matt Nagy,Daronte Jones,50,,0,50,,0,27,27,24,37,13,55,21,39.73,42,19,41.5,3.5,34.7,69,SIT
5,5850,Josh Jacobs,RB,GB,EXEMPT,NA,CHI,Matt LaFleur,Dennis Allen,45,17.6,2,50,,0,50,0,20,20,50,50,30,39.68,58,22,45.5,-1.5,34.5,70,SIT
5,7607,Michael Carter,RB,TEN,Active,,HOU,Brian Daboll,Matt Burke,50,,0,52,13.4,1,50,0,20,40,50,50,30,39.59,25,15.8,38.5,-7,34.3,71,SIT
5,8116,Pierre Strong,RB,GB,Active,,CHI,Matt LaFleur,Dennis Allen,45,17.6,2,50,,0,20,20,20,20,50,50,21,39.68,58,22,45.5,-1.5,34,72,SIT
5,4147,Samaje Perine,RB,CIN,Active,,MIA,Zac Taylor,Jeff Hafley,47,12.1,1,48,5.2,1,17,8,20,51,17,65,17,39.6,75,25.2,43.5,-7,33.2,73,SIT
5,11280,Brady Russell,RB,SEA,Active,,SF,Brian Fleury,Raheem Morris,50,,0,50,,0,4,8,4,55,0,37,21,44.35,70,24.2,45.5,3,32.7,74,SIT
5,6039,Ty Johnson,RB,BUF,Active,,LAR,Joe Brady,Chris Shula,48,18.4,1,52,13.5,1,13,22,14,24,13,61,13,45.75,78,25.8,54.5,3,32.7,75,SIT
5,4663,Austin Ekeler,RB,WAS,Active,,NYG,David Blough,Dennard Wilson,50,,0,50,,0,23,18,24,42,0,50,25,40.18,61,22.5,41.5,3.5,32.6,76,SIT
5,11439,Jaleel McLaughlin,RB,CLE,Active,,NYJ,Todd Monken,Aaron Glenn,50,34.2,1,48,3.8,1,6,17,6,80,0,57,21,40.44,39,18.5,39.5,2.5,32.6,77,SIT
5,12544,LeQuint Allen,RB,JAX,Active,,PHI,Liam Coen,Vic Fangio,49,25.6,1,50,,0,50,4,4,51,0,34,25,45.41,71,24.5,41.5,7.5,32.5,78,SIT
5,9510,Lew Nichols,RB,PIT,Active,,IND,Mike McCarthy,Lou Anarumo,48,18.2,1,50,,0,50,0,2,39,13,42,5,43.4,64,23.2,43.5,3,32.1,79,SIT
5,11573,Frank Gore,RB,BUF,Active,,LAR,Joe Brady,Chris Shula,48,18.4,1,50,,0,50,1,5,24,0,50,5,45.75,78,25.8,54.5,3,31.9,80,SIT
5,8208,Tyler Badie,RB,DEN,Active,,LAC,Davis Webb,Chris O'Leary,50,,0,50,,0,13,16,12,51,8,68,21,40.77,61,22.5,41.5,-3.5,31.7,81,SIT
5,6931,DeeJay Dallas,RB,MIN,Active,,NO,Kevin O'Connell,Brandon Staley,50,,0,50,,0,6,6,7,75,0,41,21,43.96,58,22,41.5,-2.5,31.1,82,SIT
5,13405,Kaytron Allen,RB,MIA,Active,,CIN,Bobby Slowik,Al Golden,50,,0,50,,0,15,5,14,36,33,62,38,34.5,38,18.2,43.5,-7,31,83,SIT
5,13424,Seth McGowan,RB,IND,Active,,PIT,Shane Steichen,Patrick Graham,49,31.1,2,50,,0,18,8,15,46,25,44,21,44.09,49,20.2,43.5,3,30.5,84,SIT
5,5995,Justice Hill,RB,BAL,Active,,ATL,Declan Doyle,Jeff Ulbrich,50,,0,47,3.1,1,17,14,14,37,0,81,13,41.21,47,20,43.5,3.5,30.2,85,SIT
5,11643,Jaylen Wright,RB,MIA,Active,Questionable,CIN,Bobby Slowik,Al Golden,50,,0,52,12.3,1,10,2,13,36,17,31,43,34.5,38,18.2,43.5,-7,29.4,86,SIT
5,9508,Tyjae Spears,RB,TEN,Active,,HOU,Brian Daboll,Matt Burke,50,,0,50,8.4,1,19,13,20,40,17,44,13,39.59,25,15.8,38.5,-7,29.4,87,SIT
5,12969,Lan Larison,RB,NE,Active,,LV,Josh McDaniels,Rob Leonard,50,,0,50,,0,8,11,6,55,0,50,9,42.35,71,24.5,45.5,3.5,29.3,88,SIT
5,13516,Max Bredeson,RB,MIN,Active,,NO,Kevin O'Connell,Brandon Staley,50,,0,50,,0,0,0,0,75,0,50,38,43.96,58,22,41.5,-2.5,28.8,89,SIT
5,11647,Kimani Vidal,RB,LAC,Active,,DEN,Mike McDaniel,Vance Joseph,58,103.1,1,42,5.83,3,15,18,13,41,8,29,21,44.16,42,19,41.5,-3.5,28.6,90,SIT
5,11237,Jacob Saylors,RB,DET,Active,,ARI,Drew Petzing,Nick Rallis,50,,0,50,,0,0,0,0,35,0,54,21,41.21,100,30,54.5,-5.5,28.1,91,SIT
5,11571,Isaiah Davis,RB,NYJ,Active,,CLE,Frank Reich,Mike Rutenberg,50,,0,50,,0,0,0,0,33,0,56,13,38.41,53,21,39.5,2.5,27.9,92,SIT
5,11655,Tyrone Tracy,RB,NYG,Active,,WAS,Matt Nagy,Daronte Jones,50,,0,50,,0,50,0,2,37,0,32,30,39.73,42,19,41.5,3.5,27.6,93,SIT
5,12491,Corey Kiner,RB,NE,Active,,LV,Josh McDaniels,Rob Leonard,50,,0,50,,0,12,4,11,55,0,28,25,42.35,71,24.5,45.5,3.5,27.4,94,SIT
5,6012,Travis Homer,RB,PIT,Active,,IND,Mike McCarthy,Lou Anarumo,48,18.2,1,50,,0,6,2,8,39,25,54,21,43.4,64,23.2,43.5,3,27.4,95,SIT
5,13288,Nicholas Singleton,RB,TEN,Active,,HOU,Brian Daboll,Matt Burke,50,,0,50,,0,13,2,13,40,25,66,29,39.59,25,15.8,38.5,-7,27,96,SIT
5,12467,Jordan James,RB,SF,Active,,SEA,Kyle Shanahan,Mike Macdonald,37,19.82,4,50,,0,15,5,15,47,0,50,25,38.95,54,21.2,45.5,3,26.8,97,SIT
5,13277,CJ Donaldson,RB,NO,Active,,MIN,Kellen Moore,Brian Flores,46,3.4,1,50,,0,9,6,9,34,8,29,29,37.41,45,19.5,41.5,-2.5,26.4,98,SIT
5,2359,Ameer Abdullah,RB,JAX,Active,,PHI,Liam Coen,Vic Fangio,49,25.6,1,47,1.4,1,10,3,10,51,0,31,38,45.41,71,24.5,41.5,7.5,26,99,SIT
5,13315,Dean Connors,RB,LA,Active,,BUF,Sean McVay,Jim Leonhard,50,,0,50,,0,0,0,0,49,0,53,29,46.99,93,28.8,54.5,3,25.8,100,SIT
5,6659,Craig Reynolds,RB,WAS,Active,,NYG,David Blough,Dennard Wilson,50,,0,46,0.3,1,8,1,9,42,0,50,9,40.18,61,22.5,41.5,3.5,25.6,101,SIT
5,14026,DJ Herman,RB,MIA,Active,,CIN,Bobby Slowik,Al Golden,50,,0,50,,0,6,5,7,36,0,34,29,34.5,38,18.2,43.5,-7,24.8,102,SIT
5,12543,Tahj Brooks,RB,CIN,Active,,MIA,Zac Taylor,Jeff Hafley,47,12.1,1,50,,0,0,0,0,51,0,54,25,39.6,75,25.2,43.5,-7,24.3,103,SIT
5,7720,Kene Nwangwu,RB,NYJ,Active,,CLE,Frank Reich,Mike Rutenberg,50,,0,50,,0,0,0,0,33,0,50,30,38.41,53,21,39.5,2.5,23.8,104,SIT
5,00-0033376,Patrick Ricard,RB,NYG,UNKNOWN,,WAS,Matt Nagy,Daronte Jones,50,,0,50,,0,6,2,5,37,0,51,5,39.73,42,19,41.5,3.5,23.6,105,SIT
5,13423,Eli Heidenreich,RB,PIT,Active,,IND,Mike McCarthy,Lou Anarumo,48,18.2,1,50,,0,0,0,0,39,0,52,38,43.4,64,23.2,43.5,3,22.9,106,SIT
5,11575,Ray Davis,RB,BUF,Active,,LAR,Joe Brady,Chris Shula,48,18.4,1,46,0,1,4,2,4,24,0,31,21,45.75,78,25.8,54.5,3,22.9,107,SIT
5,11574,Dylan Laube,RB,LV,Active,,NE,Klint Kubiak,Zak Kuhr,50,,0,50,,0,0,0,0,49,0,53,30,36.2,53,21,45.5,3.5,22.2,108,SIT
5,11570,Rasheen Ali,RB,BAL,Active,,ATL,Declan Doyle,Jeff Ulbrich,50,,0,50,,0,0,0,0,37,0,54,21,41.21,47,20,43.5,3.5,21.6,109,SIT
5,8254,Julius Chestnut,RB,TEN,Active,,HOU,Brian Daboll,Matt Burke,50,,0,41,0,2,0,0,0,40,0,53,30,39.59,25,15.8,38.5,-7,19.2,110,SIT
5,9488,Jaxon Smith-Njigba,WR,SEA,Active,,SF,Brian Fleury,Raheem Morris,50,,0,47,5.65,2,84,100,34,45,100,72,2,51.12,70,24.2,45.5,3,71,1,START
5,7547,Amon-Ra St. Brown,WR,DET,Active,,ARI,Drew Petzing,Nick Rallis,50,,0,55,20.5,1,86,69,27,72,100,73,2,48.93,100,30,54.5,-5.5,69.4,2,START
5,7569,Nico Collins,WR,HOU,Active,,TEN,Nick Caley,Robert Saleh,52,55.4,1,50,,0,77,86,30,58,75,87,2,45.1,62,22.8,38.5,-7,65.8,3,START
5,10232,Michael Wilson,WR,ARI,Active,,DET,Mike LaFleur,Kelvin Sheppard,50,,0,50,,0,100,51,33,66,100,67,2,44.81,71,24.5,54.5,-5.5,65.5,4,START
5,2133,Davante Adams,WR,LA,Active,,BUF,Sean McVay,Jim Leonhard,50,,0,50,,0,86,75,26,70,67,67,21,47.4,93,28.8,54.5,3,65.3,5,START
5,9493,Puka Nacua,WR,LA,Active,,BUF,Sean McVay,Jim Leonhard,50,,0,50,,0,89,66,31,70,25,78,2,47.4,93,28.8,54.5,3,62.5,6,START
5,8144,Chris Olave,WR,NO,Active,,MIN,Kellen Moore,Brian Flores,58,91.46,1,55,21.4,1,95,68,30,26,67,92,2,41.08,45,19.5,41.5,-2.5,61.2,7,START
5,9997,Zay Flowers,WR,BAL,Active,Questionable,ATL,Declan Doyle,Jeff Ulbrich,50,,0,50,,0,62,74,31,76,67,78,32,48.73,47,20,43.5,3.5,59.6,8,START
5,6801,Tee Higgins,WR,CIN,Active,Questionable,MIA,Zac Taylor,Jeff Hafley,49,37.8,1,51,11.2,1,89,69,27,27,33,71,43,46.18,75,25.2,43.5,-7,56.1,9,START
5,12519,Luther Burden,WR,CHI,Active,,GB,Ben Johnson,Jonathan Gannon,49,39.4,1,50,,0,50,41,27,51,100,71,6,48.11,66,23.5,45.5,-1.5,53.6,10,START
5,8167,Christian Watson,WR,GB,Active,,CHI,Matt LaFleur,Dennis Allen,47,40.2,2,55,14.3,2,65,49,23,20,100,62,2,43.68,58,22,45.5,-1.5,53.3,11,START
5,8112,Drake London,WR,ATL,Active,,BAL,Tommy Rees,Jesse Minter,50,,0,54,17.3,1,59,57,31,72,0,68,2,51.83,66,23.5,43.5,3.5,52.3,12,START
5,7526,Jaylen Waddle,WR,DEN,Active,,LAC,Davis Webb,Chris O'Leary,50,,0,50,,0,65,45,26,55,50,69,2,46.9,61,22.5,41.5,-3.5,52.3,13,START
5,7564,Ja'Marr Chase,WR,CIN,Active,Questionable,MIA,Zac Taylor,Jeff Hafley,49,37.8,1,57,25.1,1,65,63,22,27,50,53,32,46.18,75,25.2,43.5,-7,52,14,START
5,9487,Parker Washington,WR,JAX,Active,,PHI,Liam Coen,Vic Fangio,52,56,1,49,7.1,1,57,35,26,61,67,53,2,48.1,71,24.5,41.5,7.5,51.2,15,START
5,8146,Garrett Wilson,WR,NYJ,Active,,CLE,Frank Reich,Mike Rutenberg,50,,0,50,,0,65,54,27,53,33,62,2,40.48,53,21,39.5,2.5,51.1,16,START
5,9500,Josh Downs,WR,IND,Active,,PIT,Shane Steichen,Patrick Graham,44,31.75,2,50,9.35,2,65,35,25,57,67,68,2,47.6,49,20.2,43.5,3,50.7,17,START
5,8121,Romeo Doubs,WR,NE,Active,,LV,Josh McDaniels,Rob Leonard,50,,0,50,,0,46,49,19,40,67,66,2,44.42,71,24.5,45.5,3.5,49.8,18,START
5,13279,Carnell Tate,WR,TEN,Active,Questionable,HOU,Brian Daboll,Matt Burke,50,,0,50,,0,70,45,33,80,17,61,40,46.48,25,15.8,38.5,-7,48.7,19,START
5,11834,Devaughn Vele,WR,NO,Active,,MIN,Kellen Moore,Brian Flores,58,91.46,1,50,,0,59,39,19,26,83,77,13,41.08,45,19.5,41.5,-2.5,48.6,20,START
5,12535,Isaac TeSlaa,WR,DET,Active,,ARI,Drew Petzing,Nick Rallis,50,,0,50,,0,43,31,13,72,50,67,25,48.93,100,30,54.5,-5.5,47.8,21,START
5,00-0038839,Mitchell Tinsley,WR,CIN,UNKNOWN,,MIA,Zac Taylor,Jeff Hafley,49,37.8,1,50,,0,57,26,13,27,100,50,5,46.18,75,25.2,43.5,-7,47.4,22,START
5,5846,DK Metcalf,WR,PIT,Active,,IND,Mike McCarthy,Lou Anarumo,48,32.8,1,48,6.75,2,62,39,21,54,17,77,2,43.69,64,23.2,43.5,3,47.3,23,START
5,11610,Malik Washington,WR,MIA,Active,,CIN,Bobby Slowik,Al Golden,50,,0,50,10.2,1,68,35,34,45,17,83,2,46.29,38,18.2,43.5,-7,47.3,24,START
5,12501,Matthew Golden,WR,GB,Active,,CHI,Matt LaFleur,Dennis Allen,47,40.2,2,41,0.2,2,70,47,24,20,33,75,17,43.68,58,22,45.5,-1.5,47.2,25,FLEX
5,6794,Justin Jefferson,WR,MIN,Active,Questionable,NO,Kevin O'Connell,Brandon Staley,50,,0,50,,0,46,47,26,38,67,44,32,44.08,58,22,41.5,-2.5,46.8,26,FLEX
5,11630,Roman Wilson,WR,PIT,Active,,IND,Mike McCarthy,Lou Anarumo,48,32.8,1,47,1.4,1,49,43,17,54,33,86,13,43.69,64,23.2,43.5,3,46.8,27,FLEX
5,8126,Wan'Dale Robinson,WR,TEN,Active,,HOU,Brian Daboll,Matt Burke,50,,0,50,,0,49,35,20,80,67,44,13,46.48,25,15.8,38.5,-7,46.5,28,FLEX
5,13346,Denzel Boston,WR,CLE,Active,,NYJ,Todd Monken,Aaron Glenn,48,35.2,1,50,,0,49,44,19,44,50,71,10,49.81,39,18.5,39.5,2.5,46.1,29,FLEX
5,8148,Jameson Williams,WR,DET,Active,,ARI,Drew Petzing,Nick Rallis,50,,0,46,1.2,1,43,34,13,72,17,69,13,48.93,100,30,54.5,-5.5,45.9,30,FLEX
5,5927,Terry McLaurin,WR,WAS,Active,Questionable,NYG,David Blough,Dennard Wilson,50,,0,58,27.3,1,59,33,23,55,33,55,36,50.02,61,22.5,41.5,3.5,45.8,31,FLEX
5,13298,KC Concepcion,WR,CLE,Active,,NYJ,Todd Monken,Aaron Glenn,48,35.2,1,50,,0,65,25,27,44,50,74,21,49.81,39,18.5,39.5,2.5,45.7,32,FLEX
5,11632,Malik Nabers,WR,NYG,Active,,WAS,Matt Nagy,Daronte Jones,50,,0,50,,0,46,35,22,79,33,59,2,44.95,42,19,41.5,3.5,45.6,33,FLEX
5,10218,Xavier Hutchinson,WR,HOU,Active,,TEN,Nick Caley,Robert Saleh,52,55.4,1,54,17.9,1,59,25,24,58,17,85,13,45.1,62,22.8,38.5,-7,45.4,34,FLEX
5,1479,Keenan Allen,WR,IND,Active,Questionable,PIT,Shane Steichen,Patrick Graham,44,31.75,2,64,14.28,4,54,32,21,57,50,56,51,47.6,49,20.2,43.5,3,44.6,35,FLEX
5,11637,Keon Coleman,WR,BUF,Active,,LAR,Joe Brady,Chris Shula,52,56.4,1,50,,0,41,45,17,29,33,59,2,44.83,78,25.8,54.5,3,44.4,36,FLEX
5,11620,Rome Odunze,WR,CHI,Active,,GB,Ben Johnson,Jonathan Gannon,49,39.4,1,50,,0,46,33,18,51,33,74,13,48.11,66,23.5,45.5,-1.5,44.4,37,SIT
5,10213,Tre Tucker,WR,LV,Active,,NE,Klint Kubiak,Zak Kuhr,50,,0,50,,0,51,44,18,59,0,68,2,47.32,53,21,45.5,3.5,44.4,38,SIT
5,9486,Dontayvion Wicks,WR,PHI,Active,,JAX,Sean Mannion,Anthony Campanile,50,,0,50,,0,43,25,19,69,50,79,2,46.74,32,17,41.5,7.5,43.9,39,SIT
5,12732,Dominic Lovett,WR,DET,Active,,ARI,Drew Petzing,Nick Rallis,50,,0,50,,0,50,0,20,72,50,50,9,48.93,100,30,54.5,-5.5,43.8,40,SIT
5,5947,Jakobi Meyers,WR,JAX,Active,,PHI,Liam Coen,Vic Fangio,52,56,1,50,8.9,1,35,33,17,61,50,41,13,48.1,71,24.5,41.5,7.5,43.7,41,SIT
5,7039,Cody White,WR,LV,Active,,NE,Klint Kubiak,Zak Kuhr,50,,0,50,,0,24,33,8,59,83,70,13,47.32,53,21,45.5,3.5,43.6,42,SIT
5,5045,Courtland Sutton,WR,DEN,Active,,LAC,Davis Webb,Chris O'Leary,50,,0,50,,0,46,16,18,55,67,68,17,46.9,61,22.5,41.5,-3.5,43.6,43,SIT
5,7571,Rashod Bateman,WR,BAL,Active,,ATL,Declan Doyle,Jeff Ulbrich,50,,0,52,13.9,1,38,38,18,76,33,44,13,48.73,47,20,43.5,3.5,43.6,44,SIT
5,3634,Kalif Raymond,WR,CHI,Active,,GB,Ben Johnson,Jonathan Gannon,49,39.4,1,46,0,1,38,36,15,51,50,50,25,48.11,66,23.5,45.5,-1.5,42.8,45,SIT
5,11631,Brian Thomas,WR,JAX,Active,,PHI,Liam Coen,Vic Fangio,52,56,1,50,,0,50,25,6,61,33,62,21,48.1,71,24.5,41.5,7.5,42.4,46,SIT
5,12509,Tre' Harris,WR,LAC,Active,,DEN,Mike McDaniel,Vance Joseph,51,52.1,1,44,2.4,2,41,32,17,51,50,71,17,40.73,42,19,41.5,-3.5,42,47,SIT
5,2216,Mike Evans,WR,SF,Active,,SEA,Kyle Shanahan,Mike Macdonald,25,23.65,4,54,18.3,1,46,37,23,26,33,77,10,47.72,54,21.2,45.5,3,41.9,48,SIT
5,5872,Deebo Samuel,WR,SF,Active,,SEA,Kyle Shanahan,Mike Macdonald,25,23.65,4,50,,0,50,44,21,26,33,54,17,47.72,54,21.2,45.5,3,41.8,49,SIT
5,11474,Dylan Drummond,WR,ATL,Active,,BAL,Tommy Rees,Jesse Minter,50,,0,50,,0,50,0,20,72,50,50,5,51.83,66,23.5,43.5,3.5,41.7,50,SIT
5,11210,Malik Heath,WR,ATL,Active,,BAL,Tommy Rees,Jesse Minter,50,,0,50,,0,50,0,20,72,50,50,5,51.83,66,23.5,43.5,3.5,41.7,51,SIT
5,8134,Khalil Shakir,WR,BUF,Active,,LAR,Joe Brady,Chris Shula,52,56.4,1,55,21.6,1,46,26,20,29,33,56,13,44.83,78,25.8,54.5,3,41.6,52,SIT
5,9756,Jordan Addison,WR,MIN,Active,Questionable,NO,Kevin O'Connell,Brandon Staley,50,,0,50,,0,57,37,28,38,0,60,43,44.08,58,22,41.5,-2.5,41.4,53,SIT
5,7746,Austin Trammell,WR,JAX,Active,,PHI,Liam Coen,Vic Fangio,52,56,1,50,,0,50,0,20,61,50,50,5,48.1,71,24.5,41.5,7.5,41,54,SIT
5,8013,Tim Jones,WR,JAX,Active,,PHI,Liam Coen,Vic Fangio,52,56,1,50,,0,50,0,20,61,50,50,5,48.1,71,24.5,41.5,7.5,41,55,SIT
5,4454,Kendrick Bourne,WR,ARI,Active,,DET,Mike LaFleur,Kelvin Sheppard,50,,0,50,,0,38,25,13,66,33,45,25,44.81,71,24.5,54.5,-5.5,40.5,56,SIT
5,13101,Gage Larvadain,WR,BAL,Active,,ATL,Declan Doyle,Jeff Ulbrich,50,,0,50,,0,50,0,20,76,50,50,9,48.73,47,20,43.5,3.5,40.4,57,SIT
5,9497,Jalin Hyatt,WR,NYG,Active,,WAS,Matt Nagy,Daronte Jones,50,,0,50,,0,50,0,20,79,50,50,5,44.95,42,19,41.5,3.5,40.2,58,SIT
5,12718,Konata Mumpfield,WR,LA,Active,,BUF,Sean McVay,Jim Leonhard,50,,0,50,,0,35,26,10,70,17,40,25,47.4,93,28.8,54.5,3,40.2,59,SIT
5,12888,Dalen Cambre,WR,NYG,Active,,WAS,Matt Nagy,Daronte Jones,50,,0,50,,0,50,0,20,79,50,50,9,44.95,42,19,41.5,3.5,40,60,SIT
5,13150,Darius Cooper,WR,PHI,Active,,JAX,Sean Mannion,Anthony Campanile,50,,0,50,,0,27,32,12,69,67,29,25,46.74,32,17,41.5,7.5,39.7,61,SIT
5,8076,Michael Bandy,WR,DEN,Active,,LAC,Davis Webb,Chris O'Leary,50,,0,50,,0,50,0,20,55,50,50,5,46.9,61,22.5,41.5,-3.5,39.6,62,SIT
5,6853,Van Jefferson,WR,WAS,Active,,NYG,David Blough,Dennard Wilson,50,,0,50,,0,50,0,20,55,50,50,9,50.02,61,22.5,41.5,3.5,39.6,63,SIT
5,8253,Deven Thompkins,WR,LV,Active,,NE,Klint Kubiak,Zak Kuhr,50,,0,50,,0,50,0,20,59,50,50,5,47.32,53,21,45.5,3.5,39.4,64,SIT
5,6920,Isaiah Hodgins,WR,PIT,Active,,IND,Mike McCarthy,Lou Anarumo,48,32.8,1,50,,0,50,0,20,54,50,50,5,43.69,64,23.2,43.5,3,39.4,65,SIT
5,12520,Xavier Restrepo,WR,TEN,Active,,HOU,Brian Daboll,Matt Burke,50,,0,50,,0,50,0,20,80,50,50,9,46.48,25,15.8,38.5,-7,39,66,SIT
5,8676,Rashid Shaheed,WR,SEA,Active,,SF,Brian Fleury,Raheem Morris,50,,0,51,10.1,2,41,25,18,45,0,62,13,51.12,70,24.2,45.5,3,38.8,67,SIT
5,11306,Xavier Gipson,WR,PHI,Active,,JAX,Sean Mannion,Anthony Campanile,50,,0,50,,0,50,0,20,69,50,50,5,46.74,32,17,41.5,7.5,38.8,68,SIT
5,8223,Velus Jones,WR,SEA,Active,,SF,Brian Fleury,Raheem Morris,50,,0,50,,0,50,0,20,45,50,50,30,51.12,70,24.2,45.5,3,38.6,69,SIT
5,6960,Tyler Johnson,WR,NYJ,Active,,CLE,Frank Reich,Mike Rutenberg,50,,0,50,,0,50,0,20,53,50,50,5,40.48,53,21,39.5,2.5,38.4,70,SIT
5,5154,Trent Sherfield,WR,BUF,Active,,LAR,Joe Brady,Chris Shula,52,56.4,1,50,,0,50,0,20,29,50,50,9,44.83,78,25.8,54.5,3,38.3,71,SIT
5,11608,Isaiah Williams,WR,NYJ,Active,,CLE,Frank Reich,Mike Rutenberg,50,,0,50,,0,32,32,15,53,17,55,13,40.48,53,21,39.5,2.5,38.1,72,SIT
5,9504,Kayshon Boutte,WR,HOU,Active,,TEN,Nick Caley,Robert Saleh,52,55.4,1,50,,0,30,19,11,58,33,72,30,45.1,62,22.8,38.5,-7,37.8,73,SIT
5,7596,Elijah Moore,WR,PHI,Active,,JAX,Sean Mannion,Anthony Campanile,50,,0,50,,0,50,0,20,69,50,50,30,46.74,32,17,41.5,7.5,37.7,74,SIT
5,13285,Malachi Fields,WR,NYG,Active,,WAS,Matt Nagy,Daronte Jones,50,,0,50,,0,30,24,13,79,17,57,21,44.95,42,19,41.5,3.5,37.6,75,SIT
5,12536,Jaylin Noel,WR,HOU,Active,,TEN,Nick Caley,Robert Saleh,52,55.4,1,51,11.3,1,35,24,15,58,0,69,25,45.1,62,22.8,38.5,-7,37.4,76,SIT
5,12860,Theo Wease,WR,LAC,Active,,DEN,Mike McDaniel,Vance Joseph,51,52.1,1,50,,0,50,0,20,51,50,50,9,40.73,42,19,41.5,-3.5,37.4,77,SIT
5,8119,Jahan Dotson,WR,ATL,Active,,BAL,Tommy Rees,Jesse Minter,50,,0,47,1.3,1,27,21,14,72,0,64,13,51.83,66,23.5,43.5,3.5,37.3,78,SIT
5,6957,James Proche,WR,CLE,Active,,NYJ,Todd Monken,Aaron Glenn,48,35.2,1,50,,0,50,0,20,44,50,50,9,49.81,39,18.5,39.5,2.5,37,79,SIT
5,13301,Antonio Williams,WR,WAS,Active,,NYG,David Blough,Dennard Wilson,50,,0,50,,0,41,15,15,55,0,70,21,50.02,61,22.5,41.5,3.5,36.7,80,SIT
5,4983,DJ Moore,WR,BUF,Active,Questionable,LAR,Joe Brady,Chris Shula,52,56.4,1,51,11.2,1,38,17,18,29,50,24,51,44.83,78,25.8,54.5,3,36.4,81,SIT
5,12542,Efton Chism,WR,NE,Active,,LV,Josh McDaniels,Rob Leonard,50,,0,50,,0,50,16,8,40,17,45,25,44.42,71,24.5,45.5,3.5,36.3,82,SIT
5,3155,Laquon Treadwell,WR,IND,Active,,PIT,Shane Steichen,Patrick Graham,44,31.75,2,50,,0,27,24,11,57,33,50,25,47.6,49,20.2,43.5,3,36.1,83,SIT
5,10444,Cedric Tillman,WR,NO,Active,,MIN,Kellen Moore,Brian Flores,58,91.46,1,50,,0,50,0,20,26,50,50,5,41.08,45,19.5,41.5,-2.5,36,84,SIT
5,00-0036988,Josh Palmer,WR,BUF,UNKNOWN,,LAR,Joe Brady,Chris Shula,52,56.4,1,50,,0,24,25,10,29,17,66,5,44.83,78,25.8,54.5,3,35.9,85,SIT
5,12829,Coleman Owen,WR,GB,Active,,CHI,Matt LaFleur,Dennis Allen,47,40.2,2,50,,0,50,0,20,20,50,50,9,43.68,58,22,45.5,-1.5,35.8,86,SIT
5,11056,Jared Wayne,WR,HOU,Active,,TEN,Nick Caley,Robert Saleh,52,55.4,1,48,4,1,32,12,11,58,17,57,5,45.1,62,22.8,38.5,-7,35.6,87,SIT
5,12497,Tory Horton,WR,SEA,Active,,SF,Brian Fleury,Raheem Morris,50,,0,50,,0,16,26,6,45,25,77,34,51.12,70,24.2,45.5,3,35.5,88,SIT
5,9501,DeMario Douglas,WR,NE,Active,,LV,Josh McDaniels,Rob Leonard,50,,0,50,,0,27,11,12,40,33,68,13,44.42,71,24.5,45.5,3.5,35.4,89,SIT
5,12499,Elic Ayomanor,WR,TEN,Active,,HOU,Brian Daboll,Matt Burke,50,,0,46,4.75,2,19,16,10,80,50,50,25,46.48,25,15.8,38.5,-7,35,90,SIT
5,5781,Malik Turner,WR,SF,Active,,SEA,Kyle Shanahan,Mike Macdonald,25,23.65,4,50,,0,50,0,20,26,50,50,9,47.72,54,21.2,45.5,3,35,91,SIT
5,4039,Cooper Kupp,WR,SEA,Active,,SF,Brian Fleury,Raheem Morris,50,,0,50,,0,24,23,10,45,17,51,29,51.12,70,24.2,45.5,3,34.9,92,SIT
5,13274,Germie Bernard,WR,PIT,Active,,IND,Mike McCarthy,Lou Anarumo,48,32.8,1,50,,0,30,14,10,54,33,37,29,43.69,64,23.2,43.5,3,34.5,93,SIT
5,13079,Jahdae Walker,WR,CHI,Active,,GB,Ben Johnson,Jonathan Gannon,49,39.4,1,50,,0,8,24,4,51,50,50,34,48.11,66,23.5,45.5,-1.5,34.3,94,SIT
5,7587,Dyami Brown,WR,WAS,Active,,NYG,David Blough,Dennard Wilson,50,,0,46,4.85,2,30,17,11,55,17,41,30,50.02,61,22.5,41.5,3.5,34.1,95,SIT
5,13264,Dohnte Meyers,WR,CIN,Active,,MIA,Zac Taylor,Jeff Hafley,49,37.8,1,50,,0,41,23,11,27,0,38,29,46.18,75,25.2,43.5,-7,33.9,96,SIT
5,8135,Treylon Burks,WR,WAS,Active,,NYG,David Blough,Dennard Wilson,50,,0,50,,0,16,23,6,55,17,52,21,50.02,61,22.5,41.5,3.5,33.7,97,SIT
5,13294,Makai Lemon,WR,PHI,Active,,JAX,Sean Mannion,Anthony Campanile,50,,0,50,,0,32,15,15,69,0,58,21,46.74,32,17,41.5,7.5,33.6,98,SIT
5,13338,Kevin Coleman,WR,MIA,Active,,CIN,Bobby Slowik,Al Golden,50,,0,50,,0,50,3,14,45,17,53,29,46.29,38,18.2,43.5,-7,33.2,99,SIT
5,8168,Skyy Moore,WR,GB,Active,,CHI,Matt LaFleur,Dennis Allen,47,40.2,2,46,1,1,32,11,10,20,50,51,21,43.68,58,22,45.5,-1.5,33.1,100,SIT
5,3269,Chris Moore,WR,BAL,Active,,ATL,Declan Doyle,Jeff Ulbrich,50,,0,46,0.9,1,16,17,8,76,17,59,38,48.73,47,20,43.5,3.5,32.9,101,SIT
5,7090,Darnell Mooney,WR,NYG,Active,,WAS,Matt Nagy,Daronte Jones,50,,0,50,,0,24,13,11,79,0,57,21,44.95,42,19,41.5,3.5,32.8,102,SIT
5,13320,Zachariah Branch,WR,ATL,Active,,BAL,Tommy Rees,Jesse Minter,50,,0,50,,0,16,9,8,72,0,81,38,51.83,66,23.5,43.5,3.5,32.5,103,SIT
5,11623,Jordan Whittington,WR,LA,Active,,BUF,Sean McVay,Jim Leonhard,50,,0,50,,0,12,5,4,70,0,81,30,47.4,93,28.8,54.5,3,32.4,104,SIT
5,6271,Olamide Zaccheaus,WR,ATL,Active,,BAL,Tommy Rees,Jesse Minter,50,,0,50,,0,16,5,8,72,17,51,21,51.83,66,23.5,43.5,3.5,32.4,105,SIT
5,7562,Tutu Atwell,WR,LA,Active,,BUF,Sean McVay,Jim Leonhard,50,,0,50,,0,12,8,4,70,0,67,30,47.4,93,28.8,54.5,3,32.2,106,SIT
5,9494,Marvin Mims,WR,DEN,Active,,LAC,Davis Webb,Chris O'Leary,50,,0,50,,0,50,3,4,55,0,28,30,46.9,61,22.5,41.5,-3.5,31.6,107,SIT
5,13199,Montorie Foster,WR,SEA,Active,,SF,Brian Fleury,Raheem Morris,50,,0,50,,0,50,0,0,45,0,50,34,51.12,70,24.2,45.5,3,31.5,108,SIT
5,11635,Ladd McConkey,WR,LAC,Active,Questionable,DEN,Mike McDaniel,Vance Joseph,51,52.1,1,53,10.37,3,27,19,12,51,0,50,32,40.73,42,19,41.5,-3.5,31.3,109,SIT
5,2078,Odell Beckham,WR,MIN,Active,,NO,Kevin O'Connell,Brandon Staley,50,,0,50,,0,50,0,5,38,0,50,13,44.08,58,22,41.5,-2.5,31.1,110,SIT
5,13394,Josh Cameron,WR,JAX,Active,,PHI,Liam Coen,Vic Fangio,52,56,1,50,,0,11,16,5,61,17,33,38,48.1,71,24.5,41.5,7.5,30.9,111,SIT
5,11627,Troy Franklin,WR,DEN,Active,,LAC,Davis Webb,Chris O'Leary,50,,0,50,,0,14,8,7,55,17,61,21,46.9,61,22.5,41.5,-3.5,30.9,112,SIT
5,13268,Elijah Sarratt,WR,BAL,Active,,ATL,Declan Doyle,Jeff Ulbrich,50,,0,50,,0,16,8,7,76,0,50,38,48.73,47,20,43.5,3.5,30.6,113,SIT
5,3200,Sterling Shepard,WR,NYJ,Active,,CLE,Frank Reich,Mike Rutenberg,50,,0,50,,0,8,2,5,53,50,62,13,40.48,53,21,39.5,2.5,30.6,114,SIT
5,11629,Devontez Walker,WR,BAL,Active,,ATL,Declan Doyle,Jeff Ulbrich,50,,0,50,,0,14,10,6,76,0,58,21,48.73,47,20,43.5,3.5,30.5,115,SIT
5,12523,Jimmy Horn,WR,CLE,Active,,NYJ,Todd Monken,Aaron Glenn,48,35.2,1,50,,0,50,0,3,44,0,50,9,49.81,39,18.5,39.5,2.5,30.5,116,SIT
5,13311,Chris Bell,WR,MIA,Active,,CIN,Bobby Slowik,Al Golden,50,,0,50,,0,30,12,14,45,0,39,21,46.29,38,18.2,43.5,-7,29.9,117,SIT
5,8200,Kevin Austin,WR,NO,Active,,MIN,Kellen Moore,Brian Flores,58,91.46,1,50,,0,50,6,3,26,0,50,30,41.08,45,19.5,41.5,-2.5,29.6,118,SIT
5,6783,Jerry Jeudy,WR,CLE,Active,,NYJ,Todd Monken,Aaron Glenn,48,35.2,1,51,10.4,1,22,12,10,44,0,45,21,49.81,39,18.5,39.5,2.5,28.6,119,SIT
5,12547,Kyle Williams,WR,NE,Active,,LV,Josh McDaniels,Rob Leonard,50,,0,50,,0,19,7,8,40,0,56,34,44.42,71,24.5,45.5,3.5,28.6,120,SIT
5,7757,Ben Skowronek,WR,PIT,Active,,IND,Mike McCarthy,Lou Anarumo,48,32.8,1,28,1.15,4,11,13,4,54,17,51,30,43.69,64,23.2,43.5,3,28.5,121,SIT
5,7521,Chris Blair,WR,ATL,Active,,BAL,Tommy Rees,Jesse Minter,50,,0,50,,0,8,2,3,72,17,28,30,51.83,66,23.5,43.5,3.5,28.4,122,SIT
5,13333,Deion Burks,WR,IND,Active,,PIT,Shane Steichen,Patrick Graham,44,31.75,2,50,,0,16,5,7,57,0,76,38,47.6,49,20.2,43.5,3,28.4,123,SIT
5,8250,Tay Martin,WR,DET,Active,,ARI,Drew Petzing,Nick Rallis,50,,0,50,,0,0,0,0,72,0,53,30,48.93,100,30,54.5,-5.5,28.4,124,SIT
5,6588,Tom Kennedy,WR,DET,Active,,ARI,Drew Petzing,Nick Rallis,50,,0,50,,0,0,0,0,72,0,52,34,48.93,100,30,54.5,-5.5,28.2,125,SIT
5,12634,Jordan Watkins,WR,SF,Active,,SEA,Kyle Shanahan,Mike Macdonald,25,23.65,4,50,,0,16,27,8,26,0,50,34,47.72,54,21.2,45.5,3,27.9,126,SIT
5,4981,Calvin Ridley,WR,TEN,Active,,HOU,Brian Daboll,Matt Burke,50,,0,45,3.65,2,14,9,7,80,0,48,34,46.48,25,15.8,38.5,-7,27.7,127,SIT
5,6386,Alex Bachman,WR,LA,Active,,BUF,Sean McVay,Jim Leonhard,50,,0,50,,0,0,0,0,70,0,50,34,47.4,93,28.8,54.5,3,27.3,128,SIT
5,13541,Lewis Bond,WR,HOU,Active,,TEN,Nick Caley,Robert Saleh,52,55.4,1,50,,0,8,0,4,58,0,50,13,45.1,62,22.8,38.5,-7,27.3,129,SIT
5,13420,Bryce Lance,WR,NO,Active,,MIN,Kellen Moore,Brian Flores,58,91.46,1,50,,0,24,4,7,26,17,46,29,41.08,45,19.5,41.5,-2.5,27,130,SIT
5,11421,Ryan Miller,WR,MIA,Active,,CIN,Bobby Slowik,Al Golden,50,,0,50,,0,11,20,4,45,0,28,30,46.29,38,18.2,43.5,-7,26.2,131,SIT
5,13477,Colbie Young,WR,CIN,Active,Questionable,MIA,Zac Taylor,Jeff Hafley,49,37.8,1,50,,0,8,5,3,27,0,82,68,46.18,75,25.2,43.5,-7,26,132,SIT
5,12503,Isaiah Bond,WR,CLE,Active,,NYJ,Todd Monken,Aaron Glenn,48,35.2,1,50,,0,8,5,3,44,0,85,34,49.81,39,18.5,39.5,2.5,25.7,133,SIT
5,7049,Jauan Jennings,WR,MIN,Active,,NO,Kevin O'Connell,Brandon Staley,50,,0,55,19.9,1,11,3,5,38,0,51,21,44.08,58,22,41.5,-2.5,25.7,134,SIT
5,5938,Lil'Jordan Humphrey,WR,DEN,Active,,LAC,Davis Webb,Chris O'Leary,50,,0,50,,0,8,0,4,55,0,50,30,46.9,61,22.5,41.5,-3.5,25.6,135,SIT
5,7812,Simi Fehoko,WR,ARI,Active,,DET,Mike LaFleur,Kelvin Sheppard,50,,0,50,,0,0,0,0,66,0,53,30,44.81,71,24.5,54.5,-5.5,25.5,136,SIT
5,8527,Dareke Young,WR,LV,Active,,NE,Klint Kubiak,Zak Kuhr,50,,0,50,,0,8,6,3,59,0,29,30,47.32,53,21,45.5,3.5,25.4,137,SIT
5,11034,Jalen Brooks,WR,ARI,Active,,DET,Mike LaFleur,Kelvin Sheppard,50,,0,50,,0,3,0,1,66,0,38,30,44.81,71,24.5,54.5,-5.5,25.4,138,SIT
5,12699,LaJohntay Wester,WR,BAL,Active,,ATL,Declan Doyle,Jeff Ulbrich,50,,0,50,,0,5,3,2,76,0,27,34,48.73,47,20,43.5,3.5,25.1,139,SIT
5,12496,Tai Felton,WR,MIN,Active,,NO,Kevin O'Connell,Brandon Staley,50,,0,50,,0,12,4,6,38,0,48,34,44.08,58,22,41.5,-2.5,25.1,140,SIT
5,6847,Devin Duvernay,WR,ARI,Active,,DET,Mike LaFleur,Kelvin Sheppard,50,,0,41,0,2,0,0,0,66,0,53,30,44.81,71,24.5,54.5,-5.5,25,141,SIT
5,8755,Kaden Davis,WR,CHI,Active,,GB,Ben Johnson,Jonathan Gannon,49,39.4,1,50,,0,0,0,0,51,0,50,5,48.11,66,23.5,45.5,-1.5,25,142,SIT
5,13981,Kolbe Katsis,WR,DEN,Active,,LAC,Davis Webb,Chris O'Leary,50,,0,50,,0,0,0,0,55,0,50,13,46.9,61,22.5,41.5,-3.5,24.6,143,SIT
5,10228,Charlie Jones,WR,NYG,Active,,WAS,Matt Nagy,Daronte Jones,50,,0,50,,0,0,0,0,79,0,50,30,44.95,42,19,41.5,3.5,24.5,144,SIT
5,13329,Malik Benson,WR,LV,Active,,NE,Klint Kubiak,Zak Kuhr,50,,0,50,,0,5,0,2,59,0,43,29,47.32,53,21,45.5,3.5,24.4,145,SIT
5,5086,Marquez Valdes-Scantling,WR,LAC,Active,,DEN,Mike McDaniel,Vance Joseph,51,52.1,1,37,4.27,3,8,0,3,51,0,78,25,40.73,42,19,41.5,-3.5,24.3,146,SIT
5,11650,Luke McCaffrey,WR,WAS,Active,,NYG,David Blough,Dennard Wilson,50,,0,47,3.3,1,0,0,0,55,0,50,30,50.02,61,22.5,41.5,3.5,23.9,147,SIT
5,7496,Nick Westbrook-Ikhine,WR,IND,Active,,PIT,Shane Steichen,Patrick Graham,44,31.75,2,49,7,1,0,0,0,57,0,50,5,47.6,49,20.2,43.5,3,23.9,148,SIT
5,13075,Myles Price,WR,MIN,Active,,NO,Kevin O'Connell,Brandon Staley,50,,0,50,,0,11,3,5,38,0,29,34,44.08,58,22,41.5,-2.5,23.7,149,SIT
5,12540,Chimere Dike,WR,TEN,Active,,HOU,Brian Daboll,Matt Burke,50,,0,42,1.5,2,5,4,2,80,0,31,34,46.48,25,15.8,38.5,-7,23.6,150,SIT
5,8117,Jalen Tolbert,WR,MIA,Active,,CIN,Bobby Slowik,Al Golden,50,,0,50,,0,8,0,6,45,0,50,30,46.29,38,18.2,43.5,-7,23.4,151,SIT
5,13491,Kaden Wetjen,WR,PIT,Active,,IND,Mike McCarthy,Lou Anarumo,48,32.8,1,50,,0,0,0,0,54,0,52,38,43.69,64,23.2,43.5,3,23.4,152,SIT
5,8414,Britain Covey,WR,PHI,Active,,JAX,Sean Mannion,Anthony Campanile,50,,0,50,,0,0,0,0,69,0,53,30,46.74,32,17,41.5,7.5,23.2,153,SIT
5,11911,Jeshaun Jones,WR,MIN,Active,,NO,Kevin O'Connell,Brandon Staley,50,,0,50,,0,0,0,0,38,0,50,5,44.08,58,22,41.5,-2.5,23.1,154,SIT
5,13411,Zavion Thomas,WR,CHI,Active,,GB,Ben Johnson,Jonathan Gannon,49,39.4,1,50,,0,3,1,1,51,0,26,38,48.11,66,23.5,45.5,-1.5,23.1,155,SIT
5,12971,Ke'Shawn Williams,WR,CIN,Active,,MIA,Zac Taylor,Jeff Hafley,49,37.8,1,46,0,1,0,0,0,27,0,50,9,46.18,75,25.2,43.5,-7,23,156,SIT
5,8204,Bo Melton,WR,GB,Active,,CHI,Matt LaFleur,Dennis Allen,47,40.2,2,47,5.75,2,8,0,3,20,0,73,30,43.68,58,22,45.5,-1.5,22.9,157,SIT
5,11762,Anthony Gould,WR,IND,Active,,PIT,Shane Steichen,Patrick Graham,44,31.75,2,46,0,1,0,0,0,57,0,53,30,47.6,49,20.2,43.5,3,22.8,158,SIT
5,13825,Malik McClain,WR,NYJ,Active,,CLE,Frank Reich,Mike Rutenberg,50,,0,50,,0,0,0,0,53,0,50,29,40.48,53,21,39.5,2.5,22.8,159,SIT
5,5970,Greg Dortch,WR,BUF,Active,,LAR,Joe Brady,Chris Shula,52,56.4,1,45,3.95,2,0,0,0,29,0,53,30,44.83,78,25.8,54.5,3,22.7,160,SIT
5,12925,Jamaal Pritchett,WR,NYJ,Active,,CLE,Frank Reich,Mike Rutenberg,50,,0,50,,0,0,0,0,53,0,50,34,40.48,53,21,39.5,2.5,22.5,161,SIT
5,13770,J. Michael Sturdivant,WR,GB,Active,,CHI,Matt LaFleur,Dennis Allen,47,40.2,2,50,,0,11,6,3,20,0,27,38,43.68,58,22,45.5,-1.5,22,162,SIT
5,11617,Malachi Corley,WR,CLE,Active,,NYJ,Todd Monken,Aaron Glenn,48,35.2,1,50,,0,0,0,0,44,0,53,30,49.81,39,18.5,39.5,2.5,21.6,163,SIT
5,10234,Derius Davis,WR,LAC,Active,,DEN,Mike McDaniel,Vance Joseph,51,52.1,1,36,3.98,4,5,2,2,51,0,32,30,40.73,42,19,41.5,-3.5,21.5,164,SIT
5,11506,Jalen Cropper,WR,NO,Active,,MIN,Kellen Moore,Brian Flores,58,91.46,1,50,,0,0,0,0,26,0,50,5,41.08,45,19.5,41.5,-2.5,21.4,165,SIT
5,11168,Xavier Smith,WR,SF,Active,,SEA,Kyle Shanahan,Mike Macdonald,25,23.65,4,32,2.52,4,3,0,1,26,17,42,5,47.72,54,21.2,45.5,3,21.1,166,SIT
5,2197,Brandin Cooks,WR,SF,Active,,SEA,Kyle Shanahan,Mike Macdonald,25,23.65,4,48,5.4,1,8,0,4,26,0,50,38,47.72,54,21.2,45.5,3,20.8,167,SIT
5,11616,Jacob Cowing,WR,SF,Active,,SEA,Kyle Shanahan,Mike Macdonald,25,23.65,4,41,0,2,11,0,5,26,0,32,21,47.72,54,21.2,45.5,3,20.7,168,SIT
5,00-0034854,KhaDarel Hodge,WR,SF,UNKNOWN,,SEA,Kyle Shanahan,Mike Macdonald,25,23.65,4,46,0,1,3,3,2,26,0,31,5,47.72,54,21.2,45.5,3,20.6,169,SIT
5,13533,Barion Brown,WR,NO,Active,Questionable,MIN,Kellen Moore,Brian Flores,58,91.46,1,50,,0,5,0,3,26,0,41,68,41.08,45,19.5,41.5,-2.5,19.4,170,SIT
5,11604,Brock Bowers,TE,LV,Active,,NE,Klint Kubiak,Zak Kuhr,50,,0,50,,0,100,100,33,25,100,86,2,41.760000000000005,53,21,45.5,3.5,70.7,1,START
5,8130,Trey McBride,TE,ARI,Active,,DET,Mike LaFleur,Kelvin Sheppard,50,,0,50,,0,92,62,32,80,83,85,2,46.725,71,24.5,54.5,-5.5,67,2,START
5,10859,Sam LaPorta,TE,DET,Active,,ARI,Drew Petzing,Nick Rallis,50,,0,50,5.6,1,67,65,19,57,100,66,2,45.07,100,30,54.5,-5.5,62.4,3,START
5,4217,George Kittle,TE,SF,Active,,SEA,Kyle Shanahan,Mike Macdonald,68,14.2,4,87,15.7,4,47,85,24,33,67,82,10,43.335,54,21.2,45.5,3,59.3,4,START
5,4993,Mike Gesicki,TE,CIN,Active,,MIA,Zac Taylor,Jeff Hafley,55,18.5,1,50,,0,42,62,13,63,50,74,6,42.89,75,25.2,43.5,-7,52.1,5,START
5,12518,Tyler Warren,TE,IND,Active,,PIT,Shane Steichen,Patrick Graham,54,11.7,2,55,14.4,1,67,53,25,41,33,79,6,45.845,49,20.2,43.5,3,51.3,6,START
5,7002,Juwan Johnson,TE,NO,Active,,MIN,Kellen Moore,Brian Flores,58,23.4,1,47,1.2,1,56,66,17,20,67,72,6,39.245,45,19.5,41.5,-2.5,50.8,7,START
5,5844,T.J. Hockenson,TE,MIN,Active,,NO,Kevin O'Connell,Brandon Staley,50,,0,50,,0,58,47,25,58,50,46,2,44.019999999999996,58,22,41.5,-2.5,50.1,8,START
5,12506,Harold Fannin,TE,CLE,Active,,NYJ,Todd Monken,Aaron Glenn,57,22.3,1,50,,0,50,64,22,33,50,72,6,45.125,39,18.5,39.5,2.5,49.9,9,START
5,8131,Isaiah Likely,TE,NYG,Active,,WAS,Matt Nagy,Daronte Jones,50,,0,50,,0,75,35,32,50,33,68,2,42.34,42,19,41.5,3.5,49.1,10,START
5,3271,Tyler Higbee,TE,LA,Active,,BUF,Sean McVay,Jim Leonhard,50,,0,50,,0,53,49,14,34,33,51,10,47.195,93,28.8,54.5,3,47.4,11,START
5,5012,Mark Andrews,TE,BAL,Active,,ATL,Declan Doyle,Jeff Ulbrich,50,,0,52,10.2,1,50,41,23,45,33,81,6,44.97,47,20,43.5,3.5,46,12,START
5,9484,Tucker Kraft,TE,GB,Active,,CHI,Matt LaFleur,Dennis Allen,50,8.75,2,50,,0,53,37,18,20,67,60,2,41.68,58,22,45.5,-1.5,45.3,13,SIT
5,7600,Pat Freiermuth,TE,PIT,Active,,IND,Mike McCarthy,Lou Anarumo,51,10.4,1,98,18.5,4,44,32,16,43,17,86,2,43.545,64,23.2,43.5,3,45.2,14,SIT
5,11603,AJ Barner,TE,SEA,Active,,SF,Brian Fleury,Raheem Morris,50,,0,50,,0,39,30,14,33,83,51,2,47.735,70,24.2,45.5,3,44.6,15,SIT
5,12517,Colston Loveland,TE,CHI,Active,,GB,Ben Johnson,Jonathan Gannon,50,7.8,1,50,,0,44,28,17,29,83,52,6,47,66,23.5,45.5,-1.5,44.6,16,SIT
5,5001,Dalton Schultz,TE,HOU,Active,,TEN,Nick Caley,Robert Saleh,48,4.4,1,49,4.4,1,53,48,16,30,33,36,6,38.415,62,22.8,38.5,-7,43.5,17,SIT
5,11381,Travis Vokolek,TE,ARI,Active,,DET,Mike LaFleur,Kelvin Sheppard,50,,0,50,,0,50,0,20,80,50,50,5,46.725,71,24.5,54.5,-5.5,42.4,18,SIT
5,8227,Teagan Quitoriano,TE,ARI,Active,,DET,Mike LaFleur,Kelvin Sheppard,50,,0,50,,0,50,0,20,80,50,50,30,46.725,71,24.5,54.5,-5.5,41.4,19,SIT
5,9480,Brenton Strange,TE,JAX,Active,,PHI,Liam Coen,Vic Fangio,51,11.2,1,50,,0,42,37,20,29,17,52,2,46.754999999999995,71,24.5,41.5,7.5,41.3,20,SIT
5,9482,Michael Mayer,TE,LV,Active,,NE,Klint Kubiak,Zak Kuhr,50,,0,50,,0,47,47,15,25,17,61,13,41.760000000000005,53,21,45.5,3.5,41.3,21,SIT
5,5133,Tyler Conklin,TE,DET,Active,,ARI,Drew Petzing,Nick Rallis,50,,0,47,1.8,1,50,0,20,57,50,50,25,45.07,100,30,54.5,-5.5,41.3,22,SIT
5,12493,Oronde Gadsden,TE,LAC,Active,,DEN,Mike McDaniel,Vance Joseph,46,2.5,1,50,,0,50,26,16,49,50,43,6,42.44499999999999,42,19,41.5,-3.5,41.2,23,SIT
5,5022,Dallas Goedert,TE,PHI,Active,,JAX,Sean Mannion,Anthony Campanile,50,,0,50,,0,29,52,14,34,50,46,6,41.375,32,17,41.5,7.5,40.9,24,SIT
5,8849,Tanner Conner,TE,NE,Active,,LV,Josh McDaniels,Rob Leonard,50,,0,50,,0,50,0,20,65,50,50,5,43.385000000000005,71,24.5,45.5,3.5,40.9,25,SIT
5,3214,Hunter Henry,TE,NE,Active,,LV,Josh McDaniels,Rob Leonard,50,,0,50,,0,33,27,15,65,17,58,6,43.385000000000005,71,24.5,45.5,3.5,40.3,26,SIT
5,10236,Dalton Kincaid,TE,BUF,Active,,LAR,Joe Brady,Chris Shula,46,1.5,1,50,,0,36,41,16,24,17,41,2,45.29,78,25.8,54.5,3,39.7,27,SIT
5,13330,Kenyon Sadiq,TE,NYJ,Active,,CLE,Frank Reich,Mike Rutenberg,50,,0,50,,0,42,38,19,54,0,49,10,39.44499999999999,53,21,39.5,2.5,39.7,28,SIT
5,12062,Cam Grandy,TE,MIN,Active,,NO,Kevin O'Connell,Brandon Staley,50,,0,50,,0,50,0,20,58,50,50,5,44.019999999999996,58,22,41.5,-2.5,39.4,29,SIT
5,12045,Jack Westover,TE,WAS,Active,,NYG,David Blough,Dennard Wilson,50,,0,50,,0,50,0,20,51,50,50,5,45.1,61,22.5,41.5,3.5,39.1,30,SIT
5,8172,Greg Dulcich,TE,MIA,Active,,CIN,Bobby Slowik,Al Golden,50,,0,51,7.6,1,33,25,13,64,33,57,2,40.394999999999996,38,18.2,43.5,-7,38.6,31,SIT
5,5857,Noah Fant,TE,NO,Active,,MIN,Kellen Moore,Brian Flores,58,23.4,1,52,7.8,2,33,45,8,20,50,33,13,39.245,45,19.5,41.5,-2.5,38.6,32,SIT
5,9479,Darnell Washington,TE,PIT,Active,,IND,Mike McCarthy,Lou Anarumo,51,10.4,1,39,3.53,4,31,32,10,43,33,61,13,43.545,64,23.2,43.5,3,38.5,33,SIT
5,12374,Brenden Bates,TE,JAX,Active,,PHI,Liam Coen,Vic Fangio,51,11.2,1,50,,0,50,0,20,29,50,50,5,46.754999999999995,71,24.5,41.5,7.5,38.1,34,SIT
5,7946,Jack Stoll,TE,SF,Active,,SEA,Kyle Shanahan,Mike Macdonald,68,14.2,4,50,,0,50,0,20,33,50,50,5,43.335,54,21.2,45.5,3,38,35,SIT
5,4443,Pharaoh Brown,TE,IND,Active,,PIT,Shane Steichen,Patrick Graham,54,11.7,2,50,,0,50,0,20,41,50,50,9,45.845,49,20.2,43.5,3,37.5,36,SIT
5,13151,Nick Kallerup,TE,SEA,Active,,SF,Brian Fleury,Raheem Morris,50,,0,50,,0,50,0,20,33,50,50,34,47.735,70,24.2,45.5,3,37.1,37,SIT
5,8799,Zaire Mitchell-Paden,TE,HOU,Active,,TEN,Nick Caley,Robert Saleh,48,4.4,1,50,,0,50,0,20,30,50,50,5,38.415,62,22.8,38.5,-7,36.8,38,SIT
5,8500,John FitzPatrick,TE,CLE,Active,,NYJ,Todd Monken,Aaron Glenn,57,22.3,1,50,,0,50,0,20,33,50,50,5,45.125,39,18.5,39.5,2.5,36.5,39,SIT
5,8249,Lucas Krull,TE,DEN,Active,,LAC,Davis Webb,Chris O'Leary,50,,0,50,,0,50,0,20,22,50,50,5,43.835,61,22.5,41.5,-3.5,36.5,40,SIT
5,12715,Thomas Fidone,TE,NYG,Active,,WAS,Matt Nagy,Daronte Jones,50,,0,50,,0,50,0,20,50,50,50,34,42.34,42,19,41.5,3.5,36.3,41,SIT
5,13324,Matt Hibner,TE,BAL,Active,,ATL,Declan Doyle,Jeff Ulbrich,50,,0,50,,0,20,20,20,45,50,50,21,44.97,47,20,43.5,3.5,36.1,42,SIT
5,12938,Jackson Meeks,TE,DET,Active,,ARI,Drew Petzing,Nick Rallis,50,,0,50,,0,50,7,3,57,0,50,34,45.07,100,30,54.5,-5.5,35.9,43,SIT
5,13210,Drake Dabney,TE,GB,Active,,CHI,Matt LaFleur,Dennis Allen,50,8.75,2,50,,0,50,0,20,20,50,50,9,41.68,58,22,45.5,-1.5,35.8,44,SIT
5,7050,Josiah Deguara,TE,PHI,Active,,JAX,Sean Mannion,Anthony Campanile,50,,0,50,,0,50,0,20,34,50,50,5,41.375,32,17,41.5,7.5,35.4,45,SIT
5,8583,Stone Smartt,TE,NO,Active,,MIN,Kellen Moore,Brian Flores,58,23.4,1,50,,0,50,0,20,20,50,50,5,39.245,45,19.5,41.5,-2.5,35.4,46,SIT
5,6001,Drew Sample,TE,CIN,Active,,MIA,Zac Taylor,Jeff Hafley,55,18.5,1,46,0.8,1,21,12,7,63,25,64,17,42.89,75,25.2,43.5,-7,35.2,47,SIT
5,13421,Eli Raridon,TE,NE,Active,,LV,Josh McDaniels,Rob Leonard,50,,0,50,,0,11,19,5,65,33,66,21,43.385000000000005,71,24.5,45.5,3.5,35.2,48,SIT
5,10212,Josh Whyle,TE,GB,Active,,CHI,Matt LaFleur,Dennis Allen,50,8.75,2,48,3.1,1,50,0,20,20,50,50,21,41.68,58,22,45.5,-1.5,35.2,49,SIT
5,8210,Chig Okonkwo,TE,WAS,Active,,NYG,David Blough,Dennard Wilson,50,,0,50,,0,29,13,11,51,0,88,2,45.1,61,22.5,41.5,3.5,35,50,SIT
5,10231,Elijah Higgins,TE,ARI,Active,,DET,Mike LaFleur,Kelvin Sheppard,50,,0,50,,0,14,21,4,80,17,33,13,46.725,71,24.5,54.5,-5.5,34.7,51,SIT
5,8145,Jeremy Ruckert,TE,NYJ,Active,,CLE,Frank Reich,Mike Rutenberg,50,,0,50,,0,22,26,8,54,33,39,21,39.44499999999999,53,21,39.5,2.5,34.7,52,SIT
5,7716,John Bates,TE,WAS,Active,,NYG,David Blough,Dennard Wilson,50,,0,50,,0,17,11,7,51,50,63,13,45.1,61,22.5,41.5,3.5,34.7,53,SIT
5,7602,Kylen Granson,TE,TEN,Active,,HOU,Brian Daboll,Matt Burke,50,,0,50,,0,50,0,20,28,50,50,21,43.035,25,15.8,38.5,-7,33.8,54,SIT
5,5906,Dawson Knox,TE,BUF,Active,,LAR,Joe Brady,Chris Shula,46,1.5,1,47,1.5,1,17,18,7,24,33,70,13,45.29,78,25.8,54.5,3,33.4,55,SIT
5,11433,Nate Adkins,TE,DEN,Active,,LAC,Davis Webb,Chris O'Leary,50,,0,50,,0,17,28,7,22,50,31,21,43.835,61,22.5,41.5,-3.5,33.4,56,SIT
5,00-0040879,Matthew Hibner,TE,BAL,UNKNOWN,,ATL,Declan Doyle,Jeff Ulbrich,50,,0,50,,0,14,25,7,45,17,65,5,44.97,47,20,43.5,3.5,33,57,SIT
5,3202,Austin Hooper,TE,ATL,Active,,BAL,Tommy Rees,Jesse Minter,50,,0,49,4.9,1,19,21,9,34,17,53,17,48.894999999999996,66,23.5,43.5,3.5,32.8,58,SIT
5,4995,Ian Thomas,TE,LV,Active,,NE,Klint Kubiak,Zak Kuhr,50,,0,50,,0,13,31,6,25,33,61,25,41.760000000000005,53,21,45.5,3.5,32.7,59,SIT
5,11592,Erick All,TE,CIN,Active,,MIA,Zac Taylor,Jeff Hafley,55,18.5,1,50,,0,25,10,10,63,0,50,30,42.89,75,25.2,43.5,-7,32.6,60,SIT
5,5985,Foster Moreau,TE,HOU,Active,,TEN,Nick Caley,Robert Saleh,48,4.4,1,50,,0,19,21,8,30,33,46,13,38.415,62,22.8,38.5,-7,32.4,61,SIT
5,6865,Colby Parkinson,TE,LA,Active,,BUF,Sean McVay,Jim Leonhard,50,,0,50,,0,14,7,5,34,33,53,13,47.195,93,28.8,54.5,3,32.2,62,SIT
5,7553,Kyle Pitts,TE,ATL,Active,,BAL,Tommy Rees,Jesse Minter,50,,0,46,0,1,22,16,11,34,0,65,2,48.894999999999996,66,23.5,43.5,3.5,32.2,63,SIT
5,12357,David Martin-Robinson,TE,TEN,Active,Questionable,HOU,Brian Daboll,Matt Burke,50,,0,46,0,1,50,0,20,28,50,50,60,43.035,25,15.8,38.5,-7,31.9,64,SIT
5,5409,Tanner Hudson,TE,CIN,Active,,MIA,Zac Taylor,Jeff Hafley,55,18.5,1,53,11,1,11,8,3,63,17,60,25,42.89,75,25.2,43.5,-7,31.6,65,SIT
5,7891,Brock Wright,TE,DET,Active,,ARI,Drew Petzing,Nick Rallis,50,,0,51,7.4,1,11,6,3,57,17,35,13,45.07,100,30,54.5,-5.5,31.4,66,SIT
5,1339,Zach Ertz,TE,PHI,Active,,JAX,Sean Mannion,Anthony Campanile,50,,0,50,,0,25,11,12,34,25,72,13,41.375,32,17,41.5,7.5,31.2,67,SIT
5,12502,Gunnar Helm,TE,TEN,Active,,HOU,Brian Daboll,Matt Burke,50,,0,47,4.55,2,19,11,9,28,50,64,6,43.035,25,15.8,38.5,-7,30.8,68,SIT
5,8489,Drew Ogletree,TE,IND,Active,,PIT,Shane Steichen,Patrick Graham,54,11.7,2,50,,0,50,0,2,41,0,45,13,45.845,49,20.2,43.5,3,30.5,69,SIT
5,4144,Jonnu Smith,TE,GB,Active,,CHI,Matt LaFleur,Dennis Allen,50,8.75,2,50,5.8,1,19,19,6,20,17,65,17,41.68,58,22,45.5,-1.5,30.4,70,SIT
5,12498,Mason Taylor,TE,NYJ,Active,,CLE,Frank Reich,Mike Rutenberg,50,,0,50,,0,25,7,13,54,0,50,17,39.44499999999999,53,21,39.5,2.5,30.2,71,SIT
5,13307,Marlin Klein,TE,HOU,Active,,TEN,Nick Caley,Robert Saleh,48,4.4,1,50,,0,8,11,3,30,0,50,29,38.415,62,22.8,38.5,-7,30,72,SIT
5,4602,Robert Tonyan,TE,PIT,Active,,IND,Mike McCarthy,Lou Anarumo,51,10.4,1,50,,0,8,5,3,43,50,50,25,43.545,64,23.2,43.5,3,30,73,SIT
5,10214,Davis Allen,TE,LA,Active,,BUF,Sean McVay,Jim Leonhard,50,,0,50,,0,17,8,4,34,0,51,21,47.195,93,28.8,54.5,3,29.4,74,SIT
5,11597,Theo Johnson,TE,NYG,Active,,WAS,Matt Nagy,Daronte Jones,50,,0,50,,0,17,14,6,50,17,36,13,42.34,42,19,41.5,3.5,29.3,75,SIT
5,4189,Eric Saubert,TE,SEA,Active,,SF,Brian Fleury,Raheem Morris,50,,0,46,0,1,8,11,3,33,33,31,17,47.735,70,24.2,45.5,3,28.6,76,SIT
5,13322,Sam Roush,TE,CHI,Active,,GB,Ben Johnson,Jonathan Gannon,50,7.8,1,50,,0,14,9,5,29,17,60,29,47,66,23.5,45.5,-1.5,28.5,77,SIT
5,8219,Jelani Woods,TE,NYJ,Active,,CLE,Frank Reich,Mike Rutenberg,50,,0,50,,0,8,11,5,54,0,81,30,39.44499999999999,53,21,39.5,2.5,28.3,78,SIT
5,13299,Nate Boerkircher,TE,JAX,Active,,PHI,Liam Coen,Vic Fangio,51,11.2,1,50,,0,11,6,6,29,17,54,21,46.754999999999995,71,24.5,41.5,7.5,28.1,79,SIT
5,7075,Charlie Woerner,TE,ATL,Active,,BAL,Tommy Rees,Jesse Minter,50,,0,47,1.5,1,8,0,4,34,25,75,21,48.894999999999996,66,23.5,43.5,3.5,28,80,SIT
5,13013,Mark Redman,TE,GB,Active,,CHI,Matt LaFleur,Dennis Allen,50,8.75,2,50,,0,17,20,7,20,0,50,34,41.68,58,22,45.5,-1.5,27.5,81,SIT
5,4066,Evan Engram,TE,DEN,Active,,LAC,Davis Webb,Chris O'Leary,50,,0,50,,0,22,6,8,22,0,43,6,43.835,61,22.5,41.5,-3.5,27.1,82,SIT
5,12700,Gavin Bartholomew,TE,MIN,Active,,NO,Kevin O'Connell,Brandon Staley,50,,0,50,,0,8,6,3,58,0,50,17,44.019999999999996,58,22,41.5,-2.5,27.1,83,SIT
5,11596,Ben Sinnott,TE,WAS,Active,,NYG,David Blough,Dennard Wilson,50,,0,47,1.3,1,8,3,3,51,0,68,21,45.1,61,22.5,41.5,3.5,26.8,84,SIT
5,12521,Elijah Arroyo,TE,SEA,Active,,SF,Brian Fleury,Raheem Morris,50,,0,50,,0,8,11,4,33,0,50,25,47.735,70,24.2,45.5,3,26.7,85,SIT
5,11201,Blake Whiteheart,TE,CLE,Active,,NYJ,Todd Monken,Aaron Glenn,57,22.3,1,50,,0,8,15,4,33,17,31,13,45.125,39,18.5,39.5,2.5,26.6,86,SIT
5,11942,Colson Yankoff,TE,WAS,Active,,NYG,David Blough,Dennard Wilson,50,,0,50,,0,11,5,4,51,0,48,30,45.1,61,22.5,41.5,3.5,26.5,87,SIT
5,3048,Chris Manhertz,TE,NYG,Active,,WAS,Matt Nagy,Daronte Jones,50,,0,50,,0,0,0,0,50,50,50,29,42.34,42,19,41.5,3.5,26.2,88,SIT
5,6826,Cole Kmet,TE,CHI,Active,,GB,Ben Johnson,Jonathan Gannon,50,7.8,1,50,6.5,1,11,5,4,29,0,52,13,47,66,23.5,45.5,-1.5,26,89,SIT
5,6869,Adam Trautman,TE,DEN,Active,,LAC,Davis Webb,Chris O'Leary,50,,0,50,,0,17,6,7,22,0,43,13,43.835,61,22.5,41.5,-3.5,25.9,90,SIT
5,10210,Cameron Latu,TE,NE,Active,,LV,Josh McDaniels,Rob Leonard,50,,0,50,,0,0,0,0,65,0,54,21,43.385000000000005,71,24.5,45.5,3.5,25.8,91,SIT
5,4054,Mo Alie-Cox,TE,IND,Active,,PIT,Shane Steichen,Patrick Graham,54,11.7,2,48,3.8,1,8,11,3,41,0,50,29,45.845,49,20.2,43.5,3,25.6,92,SIT
5,11599,Cade Stover,TE,HOU,Active,,TEN,Nick Caley,Robert Saleh,48,4.4,1,50,,0,8,8,3,30,0,72,30,38.415,62,22.8,38.5,-7,25.4,93,SIT
5,7568,Brevin Jordan,TE,HOU,Active,,TEN,Nick Caley,Robert Saleh,48,4.4,1,50,,0,8,10,4,30,0,50,30,38.415,62,22.8,38.5,-7,24.7,94,SIT
5,13434,Will Kacmarek,TE,MIA,Active,,CIN,Bobby Slowik,Al Golden,50,,0,50,,0,8,5,5,64,0,29,21,40.394999999999996,38,18.2,43.5,-7,24.7,95,SIT
5,8127,Charlie Kolar,TE,LAC,Active,Questionable,DEN,Mike McDaniel,Vance Joseph,46,2.5,1,50,,0,13,11,6,49,0,26,43,42.44499999999999,42,19,41.5,-3.5,24.6,96,SIT
5,00-0037292,Andrew Ogletree,TE,IND,UNKNOWN,,PIT,Shane Steichen,Patrick Graham,54,11.7,2,50,,0,6,0,2,41,0,46,5,45.845,49,20.2,43.5,3,24.1,97,SIT
5,12658,Jackson Hawes,TE,BUF,Active,,LAR,Joe Brady,Chris Shula,46,1.5,1,50,,0,8,0,4,24,0,50,25,45.29,78,25.8,54.5,3,24,98,SIT
5,13273,Josh Cuevas,TE,BAL,Active,,ATL,Declan Doyle,Jeff Ulbrich,50,,0,50,,0,4,5,3,45,0,28,29,44.97,47,20,43.5,3.5,23.7,99,SIT
5,8225,Daniel Bellinger,TE,TEN,Active,,HOU,Brian Daboll,Matt Burke,50,,0,50,,0,11,7,5,28,0,55,13,43.035,25,15.8,38.5,-7,23.4,100,SIT
5,7536,Quintin Morris,TE,JAX,Active,,PHI,Liam Coen,Vic Fangio,51,11.2,1,50,,0,6,2,3,29,0,31,30,46.754999999999995,71,24.5,41.5,7.5,23.1,101,SIT
5,13319,Oscar Delp,TE,NO,Active,,MIN,Kellen Moore,Brian Flores,58,23.4,1,50,,0,4,4,2,20,0,28,29,39.245,45,19.5,41.5,-2.5,23,102,SIT
5,7842,Luke Farrell,TE,SF,Active,,SEA,Kyle Shanahan,Mike Macdonald,68,14.2,4,45,2.6,2,3,0,1,33,0,41,13,43.335,54,21.2,45.5,3,22.9,103,SIT
5,10224,Brayden Willis,TE,SF,Active,,SEA,Kyle Shanahan,Mike Macdonald,68,14.2,4,46,0,1,0,0,0,33,0,54,21,43.335,54,21.2,45.5,3,22.7,104,SIT
5,8523,Nick Muse,TE,ATL,Active,,BAL,Tommy Rees,Jesse Minter,50,,0,50,,0,0,0,0,34,0,53,30,48.894999999999996,66,23.5,43.5,3.5,22.7,105,SIT
5,4314,Johnny Mundt,TE,PHI,Active,,JAX,Sean Mannion,Anthony Campanile,50,,0,50,,0,11,6,4,34,0,29,17,41.375,32,17,41.5,7.5,22.5,106,SIT
5,12901,Patrick Herbert,TE,LAC,Active,,DEN,Mike McDaniel,Vance Joseph,46,2.5,1,50,,0,0,0,0,49,0,50,9,42.44499999999999,42,19,41.5,-3.5,22.4,107,SIT
5,12765,Keleki Latu,TE,BUF,Active,,LAR,Joe Brady,Chris Shula,46,1.5,1,50,,0,0,0,0,24,0,52,34,45.29,78,25.8,54.5,3,22,108,SIT
5,12389,Hayden Rucci,TE,LAC,Active,,DEN,Mike McDaniel,Vance Joseph,46,2.5,1,50,,0,0,0,0,49,0,50,21,42.44499999999999,42,19,41.5,-3.5,21.9,109,SIT
5,11304,E.J. Jenkins,TE,PHI,Active,,JAX,Sean Mannion,Anthony Campanile,50,,0,50,,0,0,0,0,34,0,54,21,41.375,32,17,41.5,7.5,20.3,110,SIT
5,12079,Treyton Welch,TE,NO,Active,,MIN,Kellen Moore,Brian Flores,58,23.4,1,50,,0,4,0,1,20,0,38,30,39.245,45,19.5,41.5,-2.5,19.8,111,SIT
