snapshot_week,player_id,player_name,position,team,opponent,offensive_play_caller,defensive_play_caller,play_caller_matchup_score,play_caller_historical_ppr,play_caller_sample_size,player_vs_defensive_caller_score,player_vs_defensive_caller_ppr,player_vs_defensive_caller_sample_size,opportunity_score,production_score,usage_score,matchup_score,redzone_score,expert_score,risk_score,trench_score,scoring_environment_score,implied_team_total,game_total,spread_line,model_score,position_rank,recommendation
5,4984,"Josh Allen",QB,BUF,LAR,"Joe Brady","Chris Shula",58,51.88,1,58,51.88,1,80,100,100,32,70,83,6,44.83,78,25.8,54.5,3,76.9,1,START
5,3163,"Jared Goff",QB,DET,ARI,"Drew Petzing","Nick Rallis",50,,0,50,16.56,1,88,82,38,66,85,86,6,48.93,100,30,54.5,-5.5,71.9,2,START
5,421,"Matthew Stafford",QB,LA,BUF,"Sean McVay","Jim Leonhard",50,,0,50,,0,100,80,47,64,64,82,10,47.4,94,28.8,54.5,3,71.7,3,START
5,3294,"Dak Prescott",QB,DAL,TB,"Brian Schottenheimer","Todd Bowles",50,,0,47,6.46,1,86,76,54,38,67,85,10,49.3,90,28,47.5,8.5,67.5,4,START
5,4017,"Deshaun Watson",QB,CLE,NYJ,"Todd Monken","Aaron Glenn",53,35.88,1,50,,0,81,65,100,35,48,95,6,49.81,43,19,39.5,1.5,66.5,5,START
5,3257,"Jacoby Brissett",QB,ARI,DET,"Mike LaFleur","Kelvin Sheppard",50,,0,50,,0,85,60,48,80,76,75,10,44.81,72,24.5,54.5,-5.5,66.1,6,START
5,6770,"Joe Burrow",QB,CIN,MIA,"Zac Taylor","Jeff Hafley",46,16.76,1,50,,0,88,81,47,49,36,84,2,46.18,72,24.5,42.5,-6.5,64.9,7,START
5,12545,"Tyler Shough",QB,NO,MIN,"Kellen Moore","Brian Flores",50,29.3,1,50,,0,93,80,63,21,70,82,36,41.08,51,20.5,42.5,-1.5,64.9,8,START
5,11566,"Jayden Daniels",QB,WAS,NYG,"David Blough","Dennard Wilson",50,,0,53,29.64,1,65,57,75,48,82,85,2,50.02,64,23,42.5,3.5,64.5,9,START
5,11563,"Bo Nix",QB,DEN,LAC,"Davis Webb","Chris O'Leary",50,,0,50,,0,81,61,57,52,70,89,2,46.9,61,22.5,41.5,-3.5,64.3,10,START
5,8183,"Brock Purdy",QB,SF,SEA,"Kyle Shanahan","Mike Macdonald",30,18.11,4,51,18.11,4,64,94,65,35,48,85,2,47.72,56,21.5,45.5,2.5,64,11,START
5,1166,"Kirk Cousins",QB,LV,NE,"Klint Kubiak","Zak Kuhr",50,,0,50,,0,83,79,34,41,58,91,10,47.32,53,21,45.5,3.5,62.3,12,START
5,11564,"Drake Maye",QB,NE,LV,"Josh McDaniels","Rob Leonard",50,,0,50,,0,68,57,70,50,55,71,2,44.42,72,24.5,45.5,3.5,61.4,13,SIT
5,6904,"Jalen Hurts",QB,PHI,JAX,"Sean Mannion","Anthony Campanile",50,,0,50,,0,71,57,74,46,48,88,2,46.74,34,17.2,41.5,7,59.8,14,SIT
5,9758,"C.J. Stroud",QB,HOU,TEN,"Nick Caley","Robert Saleh",49,23.72,1,51,23.72,1,82,61,49,40,42,80,2,45.1,64,23,38.5,-7.5,59.6,15,SIT
5,96,"Aaron Rodgers",QB,PIT,IND,"Mike McCarthy","Lou Anarumo",46,15.82,1,49,12.12,1,80,67,23,50,55,82,10,43.69,66,23.5,44.5,2.5,58.6,16,SIT
5,7523,"Trevor Lawrence",QB,JAX,PHI,"Liam Coen","Vic Fangio",50,28.88,1,50,19.56,1,62,51,44,49,52,83,2,48.1,70,24.2,41.5,7,56.4,17,SIT
5,6804,"Jordan Love",QB,GB,CHI,"Matt LaFleur","Dennis Allen",44,19.14,2,47,12.52,2,80,58,36,20,55,84,2,43.68,59,22,45.5,-1.5,55.7,18,SIT
5,6797,"Justin Herbert",QB,LAC,DEN,"Mike McDaniel","Vance Joseph",52,34.94,1,45,14.07,4,72,50,57,44,36,92,2,40.73,43,19,41.5,-3.5,55.5,19,SIT
5,5870,"Daniel Jones",QB,IND,PIT,"Shane Steichen","Patrick Graham",41,16.1,2,46,9.29,2,76,46,43,42,48,95,2,47.6,53,21,44.5,2.5,55.2,20,SIT
5,1373,"Geno Smith",QB,NYJ,CLE,"Frank Reich","Mike Rutenberg",50,,0,50,,0,68,59,39,45,42,70,10,40.48,51,20.5,39.5,1.5,54.1,21,SIT
5,12522,"Cam Ward",QB,TEN,HOU,"Brian Daboll","Matt Burke",50,,0,46,10.79,2,66,55,45,39,55,85,6,46.48,25,15.5,38.5,-7.5,53.7,22,SIT
5,11559,"Michael Penix",QB,ATL,BAL,"Tommy Rees","Jesse Minter",50,,0,50,,0,50,47,21,46,50,95,2,51.83,66,23.5,43.5,3.5,51,23,SIT
5,8161,"Malik Willis",QB,MIA,CIN,"Bobby Slowik","Al Golden",50,,0,50,,0,61,37,63,46,24,73,2,46.29,38,18,42.5,-6.5,50.5,24,SIT
5,4943,"Sam Darnold",QB,SEA,SF,"Brian Fleury","Raheem Morris",50,,0,50,19.46,1,50,56,20,42,42,37,2,51.12,69,24,45.5,2.5,48.7,25,SIT
5,2306,"Jameis Winston",QB,NYG,WAS,"Matt Nagy","Daronte Jones",50,,0,50,,0,56,39,21,65,24,70,6,44.95,46,19.5,42.5,3.5,46.5,26,SIT
5,5849,"Kyler Murray",QB,MIN,NO,"Kevin O'Connell","Brandon Staley",50,,0,50,18.32,1,55,30,45,43,27,53,2,44.08,59,22,42.5,-1.5,46.2,27,SIT
5,11256,"Tyson Bagent",QB,CHI,GB,"Ben Johnson","Jonathan Gannon",46,17.5,1,50,,0,48,23,15,36,82,45,2,48.11,66,23.5,45.5,-1.5,44.2,28,SIT
5,13425,"Jalon Daniels",QB,TB,DAL,"Zac Robinson","Christian Parker",50,,0,50,,0,40,29,61,58,14,31,10,46.03,46,19.5,47.5,8.5,43.7,29,SIT
5,7083,"Tyler Huntley",QB,BAL,ATL,"Declan Doyle","Jeff Ulbrich",50,,0,49,14.68,1,27,15,53,51,0,50,2,48.73,48,20,43.5,3.5,37.8,30,SIT
5,9221,"Jahmyr Gibbs",RB,DET,ARI,"Drew Petzing","Nick Rallis",50,,0,53,16.3,1,95,100,102,35,100,80,2,41.21,100,30,54.5,-5.5,85.8,1,START
5,6813,"Jonathan Taylor",RB,IND,PIT,"Shane Steichen","Patrick Graham",49,31.1,2,92,23.77,3,100,74,84,46,92,83,2,44.09,53,21,44.5,2.5,76,2,START
5,8150,"Kyren Williams",RB,LA,BUF,"Sean McVay","Jim Leonhard",50,,0,50,,0,83,92,73,49,75,77,2,46.99,94,28.8,54.5,3,74.4,3,START
5,9509,"Bijan Robinson",RB,ATL,BAL,"Tommy Rees","Jesse Minter",50,,0,58,25.5,1,92,90,69,31,100,76,2,45.96,66,23.5,43.5,3.5,73.9,4,START
5,7588,"Javonte Williams",RB,DAL,TB,"Brian Schottenheimer","Todd Bowles",50,,0,50,8.1,1,79,70,76,28,100,75,2,37.62,90,28,47.5,8.5,72.3,5,START
5,3198,"Derrick Henry",RB,BAL,ATL,"Declan Doyle","Jeff Ulbrich",50,,0,50,,0,91,67,80,37,100,89,6,41.21,48,20,43.5,3.5,69.8,6,START
5,12527,"Ashton Jeanty",RB,LV,NE,"Klint Kubiak","Zak Kuhr",50,,0,50,,0,94,50,86,49,100,85,6,36.2,53,21,45.5,3.5,68.6,7,START
5,4199,"Aaron Jones",RB,MIN,NO,"Kevin O'Connell","Brandon Staley",50,,0,50,,0,95,50,90,75,17,87,6,43.96,59,22,42.5,-1.5,68.4,8,START
5,11435,"Emanuel Wilson",RB,SEA,SF,"Brian Fleury","Raheem Morris",50,,0,48,4.3,1,72,46,63,55,100,58,2,44.35,69,24,45.5,2.5,68.3,9,START
5,8138,"James Cook",RB,BUF,LAR,"Joe Brady","Chris Shula",48,18.4,1,48,4.9,1,81,71,71,24,92,86,2,45.75,78,25.8,54.5,3,68.2,10,START
5,4034,"Christian McCaffrey",RB,SF,SEA,"Kyle Shanahan","Mike Macdonald",37,19.82,4,78,18.65,4,69,73,69,47,83,84,6,38.95,56,21.5,45.5,2.5,66.5,11,START
5,12512,"Quinshon Judkins",RB,CLE,NYJ,"Todd Monken","Aaron Glenn",50,34.2,1,50,,0,78,50,73,80,58,79,6,40.44,43,19,39.5,1.5,65.8,12,START
5,6790,"D'Andre Swift",RB,CHI,GB,"Ben Johnson","Jonathan Gannon",51,42.5,1,58,26.5,1,78,43,56,70,100,79,32,45.89,66,23.5,45.5,-1.5,63.4,13,START
5,13287,"Jeremiyah Love",RB,ARI,DET,"Mike LaFleur","Kelvin Sheppard",50,,0,50,,0,68,44,70,43,58,59,40,48.64,72,24.5,54.5,-5.5,62.7,14,START
5,12490,"Bhayshul Tuten",RB,JAX,PHI,"Liam Coen","Vic Fangio",49,25.6,1,50,,0,65,51,63,51,75,88,6,45.41,70,24.2,41.5,7,61.3,15,START
5,8228,"Jaylen Warren",RB,PIT,IND,"Mike McCarthy","Lou Anarumo",48,18.2,1,53,9.95,4,76,56,83,39,25,80,2,43.4,66,23.5,44.5,2.5,60.7,16,START
5,9224,"Chase Brown",RB,CIN,MIA,"Zac Taylor","Jeff Hafley",47,12.1,1,49,6.9,1,77,48,87,51,17,79,2,39.6,72,24.5,42.5,-6.5,60,17,START
5,12507,"Omarion Hampton",RB,LAC,DEN,"Mike McDaniel","Vance Joseph",58,103.1,1,57,24.9,1,67,47,57,41,92,67,6,44.16,43,19,41.5,-3.5,58.6,18,START
5,12534,"Kyle Monangai",RB,CHI,GB,"Ben Johnson","Jonathan Gannon",51,42.5,1,50,,0,68,47,42,70,100,43,47,45.89,66,23.5,45.5,-1.5,57.9,19,START
5,5967,"Tony Pollard",RB,TEN,HOU,"Brian Daboll","Matt Burke",50,,0,49,8.1,2,72,41,74,40,100,78,32,39.59,25,15.5,38.5,-7.5,57.9,20,START
5,8155,"Breece Hall",RB,NYJ,CLE,"Frank Reich","Mike Rutenberg",50,,0,50,,0,78,52,72,33,67,70,81,38.41,51,20.5,39.5,1.5,56.5,21,START
5,12481,"Cam Skattebo",RB,NYG,WAS,"Matt Nagy","Daronte Jones",50,,0,50,,0,76,37,72,37,58,81,36,39.73,46,19.5,42.5,3.5,55.2,22,START
5,11584,"Bucky Irving",RB,TB,DAL,"Zac Robinson","Christian Parker",50,,0,50,,0,72,33,72,41,25,82,2,42.13,46,19.5,47.5,8.5,53,23,START
5,8154,"Brian Robinson",RB,ATL,BAL,"Tommy Rees","Jesse Minter",50,,0,50,,0,49,55,37,31,42,72,13,45.96,66,23.5,43.5,3.5,50.4,24,START
5,4035,"Alvin Kamara",RB,NO,MIN,"Kellen Moore","Brian Flores",46,3.4,1,53,14.5,1,50,43,46,34,42,65,36,37.41,51,20.5,42.5,-1.5,49.6,25,FLEX
5,6806,"J.K. Dobbins",RB,DEN,LAC,"Davis Webb","Chris O'Leary",50,,0,50,,0,54,21,55,51,50,77,2,40.77,61,22.5,41.5,-3.5,49.4,26,FLEX
5,12495,"Ollie Gordon",RB,MIA,CIN,"Bobby Slowik","Al Golden",50,,0,50,,0,50,40,45,36,50,47,6,34.5,38,18,42.5,-6.5,49.1,27,FLEX
5,8132,"Tyler Allgeier",RB,ARI,DET,"Mike LaFleur","Kelvin Sheppard",50,,0,50,,0,29,26,30,43,25,62,13,48.64,72,24.5,54.5,-5.5,48.5,28,FLEX
5,12533,"Jacory Croskey-Merritt",RB,WAS,NYG,"David Blough","Dennard Wilson",50,,0,50,,0,59,22,52,42,42,80,36,40.18,64,23,42.5,3.5,47.4,29,FLEX
5,12529,"TreVeyon Henderson",RB,NE,LV,"Josh McDaniels","Rob Leonard",50,,0,50,,0,53,26,46,55,17,63,17,42.35,72,24.5,45.5,3.5,46.1,30,FLEX
5,12048,"George Holani",RB,SEA,SF,"Brian Fleury","Raheem Morris",50,,0,50,,0,27,20,23,55,33,57,43,44.35,69,24,45.5,2.5,45.8,31,FLEX
5,11576,"Braelon Allen",RB,NYJ,CLE,"Frank Reich","Mike Rutenberg",50,,0,50,,0,37,27,55,33,42,61,2,38.41,51,20.5,39.5,1.5,45.5,32,FLEX
5,9220,"Evan Hull",RB,ARI,DET,"Mike LaFleur","Kelvin Sheppard",50,,0,50,,0,50,0,20,43,50,50,5,48.64,72,24.5,54.5,-5.5,45.4,33,FLEX
5,10219,"Chris Rodriguez",RB,JAX,PHI,"Liam Coen","Vic Fangio",49,25.6,1,50,,0,50,25,25,51,42,73,13,45.41,70,24.2,41.5,7,45.2,34,FLEX
5,7611,"Rhamondre Stevenson",RB,NE,LV,"Josh McDaniels","Rob Leonard",50,,0,50,,0,46,35,40,55,17,62,32,42.35,72,24.5,45.5,3.5,45.2,35,FLEX
5,11581,"MarShawn Lloyd",RB,GB,CHI,"Matt LaFleur","Dennis Allen",45,17.6,2,50,,0,35,29,45,20,67,75,2,39.68,59,22,45.5,-1.5,44.9,36,FLEX
5,12489,"RJ Harvey",RB,DEN,LAC,"Davis Webb","Chris O'Leary",50,,0,50,,0,42,46,41,51,0,63,17,40.77,61,22.5,41.5,-3.5,44.8,37,SIT
5,8122,"Zonovan Knight",RB,ARI,DET,"Mike LaFleur","Kelvin Sheppard",50,,0,50,,0,20,20,20,43,50,50,21,48.64,72,24.5,54.5,-5.5,43.9,38,SIT
5,8136,"Rachaad White",RB,WAS,NYG,"David Blough","Dennard Wilson",50,,0,50,,0,40,37,32,42,33,73,43,40.18,64,23,42.5,3.5,43.3,39,SIT
5,12474,"Woody Marks",RB,HOU,TEN,"Nick Caley","Robert Saleh",49,26.7,1,53,15.1,1,35,31,40,40,33,79,17,31.73,64,23,38.5,-7.5,43.2,40,SIT
5,7537,"Jaret Patterson",RB,CLE,NYJ,"Todd Monken","Aaron Glenn",50,34.2,1,50,,0,50,0,20,80,50,50,5,40.44,43,19,39.5,1.5,43,41,SIT
5,5892,"David Montgomery",RB,HOU,TEN,"Nick Caley","Robert Saleh",49,26.7,1,50,,0,40,19,50,40,25,82,2,31.73,64,23,38.5,-7.5,42.9,42,SIT
5,9757,"Kendre Miller",RB,NO,MIN,"Kellen Moore","Brian Flores",46,3.4,1,50,,0,32,20,32,34,17,73,13,37.41,51,20.5,42.5,-1.5,42.7,43,SIT
5,9511,"Keaton Mitchell",RB,LAC,DEN,"Mike McDaniel","Vance Joseph",58,103.1,1,50,,0,42,36,36,41,8,69,13,44.16,43,19,41.5,-3.5,42.1,44,SIT
5,11586,"Blake Corum",RB,LA,BUF,"Sean McVay","Jim Leonhard",50,,0,50,,0,38,20,35,49,0,64,13,46.99,94,28.8,54.5,3,41.3,45,SIT
5,11299,"Zavier Scott",RB,CHI,GB,"Ben Johnson","Jonathan Gannon",51,42.5,1,50,,0,50,0,20,70,50,50,5,45.89,66,23.5,45.5,-1.5,41.2,46,SIT
5,7021,"Rico Dowdle",RB,PIT,IND,"Mike McCarthy","Lou Anarumo",48,18.2,1,49,7.55,2,42,19,44,39,13,78,43,43.4,66,23.5,44.5,2.5,40.2,47,SIT
5,4866,"Saquon Barkley",RB,PHI,JAX,"Sean Mannion","Anthony Campanile",50,,0,50,,0,33,17,39,39,25,34,43,36.01,34,17.2,41.5,7,40,48,SIT
5,12472,"Raheim Sanders",RB,CLE,NYJ,"Todd Monken","Aaron Glenn",50,34.2,1,50,,0,17,18,15,80,0,60,17,40.44,43,19,39.5,1.5,39.4,49,SIT
5,11649,"Kendall Milton",RB,CIN,MIA,"Zac Taylor","Jeff Hafley",47,12.1,1,50,,0,50,0,20,51,50,50,5,39.6,72,24.5,42.5,-6.5,39.3,50,SIT
5,8139,"Zamir White",RB,NO,MIN,"Kellen Moore","Brian Flores",46,3.4,1,50,,0,50,0,20,34,50,50,5,37.41,51,20.5,42.5,-1.5,39.2,51,SIT
5,12826,"Ulysses Bentley",RB,NO,MIN,"Kellen Moore","Brian Flores",46,3.4,1,50,,0,50,0,20,34,50,50,9,37.41,51,20.5,42.5,-1.5,39,52,SIT
5,8207,"Tyler Goodson",RB,DAL,TB,"Brian Schottenheimer","Todd Bowles",50,,0,50,,0,21,7,18,28,13,72,13,37.62,90,28,47.5,8.5,38.8,53,SIT
5,13305,"Mike Washington",RB,LV,NE,"Klint Kubiak","Zak Kuhr",50,,0,50,,0,50,18,25,49,25,45,21,36.2,53,21,45.5,3.5,38.7,54,SIT
5,12457,"Jaydon Blue",RB,PHI,JAX,"Sean Mannion","Anthony Campanile",50,,0,50,,0,50,0,20,39,50,50,9,36.01,34,17.2,41.5,7,38.4,55,SIT
5,7608,"Khalil Herbert",RB,ATL,BAL,"Tommy Rees","Jesse Minter",50,,0,50,,0,50,0,20,31,50,50,5,45.96,66,23.5,43.5,3.5,37.8,56,SIT
5,11384,"Owen Wright",RB,LV,NE,"Klint Kubiak","Zak Kuhr",50,,0,50,,0,50,0,20,49,50,50,5,36.2,53,21,45.5,3.5,37.8,57,SIT
5,11577,"Will Shipley",RB,PHI,JAX,"Sean Mannion","Anthony Campanile",50,,0,50,,0,23,11,21,39,58,56,2,36.01,34,17.2,41.5,7,37.7,58,SIT
5,8129,"Dameon Pierce",RB,PHI,JAX,"Sean Mannion","Anthony Campanile",50,,0,46,0,1,50,0,20,39,50,50,21,36.01,34,17.2,41.5,7,37.6,59,SIT
5,11729,"Sione Vaki",RB,DET,ARI,"Drew Petzing","Nick Rallis",50,,0,50,,0,14,13,12,35,0,54,13,41.21,100,30,54.5,-5.5,37.6,60,SIT
5,11588,"Jawhar Jordan",RB,HOU,TEN,"Nick Caley","Robert Saleh",49,26.7,1,50,,0,50,0,20,40,50,50,5,31.73,64,23,38.5,-7.5,37.4,61,SIT
5,12928,"Amar Johnson",RB,LAC,DEN,"Mike McDaniel","Vance Joseph",58,103.1,1,50,,0,50,0,20,41,50,50,9,44.16,43,19,41.5,-3.5,37.2,62,SIT
5,12471,"DJ Giddens",RB,IND,PIT,"Shane Steichen","Patrick Graham",49,31.1,2,47,2.2,1,50,0,20,46,50,50,25,44.09,53,21,44.5,2.5,37,63,SIT
5,7528,"Najee Harris",RB,NYG,WAS,"Matt Nagy","Daronte Jones",50,,0,50,,0,28,11,26,37,58,62,13,39.73,46,19.5,42.5,3.5,36.9,64,SIT
5,4718,"Dare Ogunbowale",RB,HOU,TEN,"Nick Caley","Robert Saleh",49,26.7,1,47,2.7,1,50,0,20,40,50,50,25,31.73,64,23,38.5,-7.5,36.3,65,SIT
5,12738,"Phil Mafah",RB,NYG,WAS,"Matt Nagy","Daronte Jones",50,,0,50,,0,50,0,20,37,50,50,9,39.73,46,19.5,42.5,3.5,36.3,66,SIT
5,8181,"Connor Heyward",RB,LV,NE,"Klint Kubiak","Zak Kuhr",50,,0,50,,0,20,20,20,49,50,50,21,36.2,53,21,45.5,3.5,36.2,67,SIT
5,12504,"Kaleb Johnson",RB,GB,CHI,"Matt LaFleur","Dennis Allen",45,17.6,2,50,,0,29,12,42,20,17,86,17,39.68,59,22,45.5,-1.5,36,68,SIT
5,9506,"Sean Tucker",RB,TB,DAL,"Zac Robinson","Christian Parker",50,,0,50,,0,12,25,10,41,75,50,21,42.13,46,19.5,47.5,8.5,36,69,SIT
5,00-0037157,"Bam Knight",RB,ARI,DET,"Mike LaFleur","Kelvin Sheppard",50,,0,50,,0,8,9,12,43,0,50,5,48.64,72,24.5,54.5,-5.5,35.3,70,SIT
5,12516,"Kalel Mullings",RB,TEN,HOU,"Brian Daboll","Matt Burke",50,,0,50,,0,50,0,20,40,50,50,9,39.59,25,15.5,38.5,-7.5,35.1,71,SIT
5,6130,"Devin Singletary",RB,NYG,WAS,"Matt Nagy","Daronte Jones",50,,0,50,,0,27,27,24,37,13,55,21,39.73,46,19.5,42.5,3.5,34.9,72,SIT
5,13347,"Demond Claiborne",RB,MIN,NO,"Kevin O'Connell","Brandon Staley",50,,0,50,,0,9,3,9,75,0,49,21,43.96,59,22,42.5,-1.5,34.7,73,SIT
5,5850,"Josh Jacobs",RB,GB,CHI,"Matt LaFleur","Dennis Allen",45,17.6,2,50,,0,50,0,20,20,50,50,30,39.68,59,22,45.5,-1.5,34.6,74,SIT
5,13414,"Kaelon Black",RB,SF,SEA,"Kyle Shanahan","Mike Macdonald",37,19.82,4,50,,0,23,7,22,47,58,75,51,38.95,56,21.5,45.5,2.5,34.6,75,SIT
5,7567,"Kenny Gainwell",RB,TB,DAL,"Zac Robinson","Christian Parker",50,,0,50,,0,24,22,22,41,8,68,13,42.13,46,19.5,47.5,8.5,34.4,76,SIT
5,7607,"Michael Carter",RB,TEN,HOU,"Brian Daboll","Matt Burke",50,,0,52,13.4,1,50,0,20,40,50,50,30,39.59,25,15.5,38.5,-7.5,34.3,77,SIT
5,11199,"Emari Demercado",RB,DAL,TB,"Brian Schottenheimer","Todd Bowles",50,,0,50,,0,10,3,13,28,13,86,21,37.62,90,28,47.5,8.5,33.1,78,SIT
5,4147,"Samaje Perine",RB,CIN,MIA,"Zac Taylor","Jeff Hafley",47,12.1,1,48,5.2,1,17,8,20,51,17,65,17,39.6,72,24.5,42.5,-6.5,33,79,SIT
5,11439,"Jaleel McLaughlin",RB,CLE,NYJ,"Todd Monken","Aaron Glenn",50,34.2,1,48,3.8,1,6,17,6,80,0,57,21,40.44,43,19,39.5,1.5,32.9,80,SIT
5,4663,"Austin Ekeler",RB,WAS,NYG,"David Blough","Dennard Wilson",50,,0,50,,0,23,18,24,42,0,50,25,40.18,64,23,42.5,3.5,32.8,81,SIT
5,6039,"Ty Johnson",RB,BUF,LAR,"Joe Brady","Chris Shula",48,18.4,1,52,13.5,1,13,22,14,24,13,61,13,45.75,78,25.8,54.5,3,32.7,82,SIT
5,11280,"Brady Russell",RB,SEA,SF,"Brian Fleury","Raheem Morris",50,,0,50,,0,4,8,4,55,0,37,21,44.35,69,24,45.5,2.5,32.6,83,SIT
5,12544,"LeQuint Allen",RB,JAX,PHI,"Liam Coen","Vic Fangio",49,25.6,1,50,,0,50,4,4,51,0,34,25,45.41,70,24.2,41.5,7,32.4,84,SIT
5,9510,"Lew Nichols",RB,PIT,IND,"Mike McCarthy","Lou Anarumo",48,18.2,1,50,,0,50,0,2,39,13,42,5,43.4,66,23.5,44.5,2.5,32.3,85,SIT
5,11573,"Frank Gore",RB,BUF,LAR,"Joe Brady","Chris Shula",48,18.4,1,50,,0,50,1,5,24,0,50,5,45.75,78,25.8,54.5,3,31.9,86,SIT
5,8208,"Tyler Badie",RB,DEN,LAC,"Davis Webb","Chris O'Leary",50,,0,50,,0,13,16,12,51,8,68,21,40.77,61,22.5,41.5,-3.5,31.7,87,SIT
5,6931,"DeeJay Dallas",RB,MIN,NO,"Kevin O'Connell","Brandon Staley",50,,0,50,,0,6,6,7,75,0,41,21,43.96,59,22,42.5,-1.5,31.2,88,SIT
5,11643,"Jaylen Wright",RB,MIA,CIN,"Bobby Slowik","Al Golden",50,,0,52,12.3,1,10,2,13,36,17,36,13,34.5,38,18,42.5,-6.5,31,89,SIT
5,13424,"Seth McGowan",RB,IND,PIT,"Shane Steichen","Patrick Graham",49,31.1,2,50,,0,18,8,15,46,25,44,21,44.09,53,21,44.5,2.5,30.8,90,SIT
5,13405,"Kaytron Allen",RB,WAS,NYG,"David Blough","Dennard Wilson",50,,0,50,,0,15,5,14,42,33,62,38,40.18,64,23,42.5,3.5,30.7,91,SIT
5,5995,"Justice Hill",RB,BAL,ATL,"Declan Doyle","Jeff Ulbrich",50,,0,47,3.1,1,17,14,14,37,0,81,13,41.21,48,20,43.5,3.5,30.3,92,SIT
5,10235,"Roschon Johnson",RB,CHI,GB,"Ben Johnson","Jonathan Gannon",51,42.5,1,50,,0,10,6,5,70,25,29,21,45.89,66,23.5,45.5,-1.5,30.3,93,SIT
5,9508,"Tyjae Spears",RB,TEN,HOU,"Brian Daboll","Matt Burke",50,,0,50,8.4,1,19,13,20,40,17,44,13,39.59,25,15.5,38.5,-7.5,29.4,94,SIT
5,12969,"Lan Larison",RB,NE,LV,"Josh McDaniels","Rob Leonard",50,,0,50,,0,8,11,6,55,0,50,9,42.35,72,24.5,45.5,3.5,29.3,95,SIT
5,00-0038738,"Hunter Luepke",RB,DAL,TB,"Brian Schottenheimer","Todd Bowles",50,,0,46,0,1,4,2,4,28,0,62,5,37.62,90,28,47.5,8.5,28.9,96,SIT
5,13516,"Max Bredeson",RB,MIN,NO,"Kevin O'Connell","Brandon Staley",50,,0,50,,0,0,0,0,75,0,50,38,43.96,59,22,42.5,-1.5,28.9,97,SIT
5,11370,"Chris Brooks",RB,GB,CHI,"Matt LaFleur","Dennis Allen",45,17.6,2,42,1,2,15,12,17,20,42,47,51,39.68,59,22,45.5,-1.5,28.8,98,SIT
5,11647,"Kimani Vidal",RB,LAC,DEN,"Mike McDaniel","Vance Joseph",58,103.1,1,42,5.83,3,15,18,13,41,8,29,21,44.16,43,19,41.5,-3.5,28.6,99,SIT
5,11237,"Jacob Saylors",RB,DET,ARI,"Drew Petzing","Nick Rallis",50,,0,50,,0,0,0,0,35,0,54,21,41.21,100,30,54.5,-5.5,28.1,100,SIT
5,11655,"Tyrone Tracy",RB,NYG,WAS,"Matt Nagy","Daronte Jones",50,,0,50,,0,50,0,2,37,0,32,30,39.73,46,19.5,42.5,3.5,27.9,101,SIT
5,6012,"Travis Homer",RB,PIT,IND,"Mike McCarthy","Lou Anarumo",48,18.2,1,50,,0,6,2,8,39,25,54,21,43.4,66,23.5,44.5,2.5,27.6,102,SIT
5,12491,"Corey Kiner",RB,NE,LV,"Josh McDaniels","Rob Leonard",50,,0,50,,0,12,4,11,55,0,28,25,42.35,72,24.5,45.5,3.5,27.5,103,SIT
5,13288,"Nicholas Singleton",RB,TEN,HOU,"Brian Daboll","Matt Burke",50,,0,50,,0,13,2,13,40,25,66,29,39.59,25,15.5,38.5,-7.5,27,104,SIT
5,12467,"Jordan James",RB,SF,SEA,"Kyle Shanahan","Mike Macdonald",37,19.82,4,50,,0,15,5,15,47,0,50,25,38.95,56,21.5,45.5,2.5,26.9,105,SIT
5,13277,"CJ Donaldson",RB,NO,MIN,"Kellen Moore","Brian Flores",46,3.4,1,50,,0,9,6,9,34,8,29,29,37.41,51,20.5,42.5,-1.5,26.8,106,SIT
5,7204,"Reggie Gilliam",RB,NE,LV,"Josh McDaniels","Rob Leonard",50,,0,50,,0,8,5,10,55,0,50,60,42.35,72,24.5,45.5,3.5,26.5,107,SIT
5,2359,"Ameer Abdullah",RB,JAX,PHI,"Liam Coen","Vic Fangio",49,25.6,1,47,1.4,1,10,3,10,51,0,31,38,45.41,70,24.2,41.5,7,25.9,108,SIT
5,13315,"Dean Connors",RB,LA,BUF,"Sean McVay","Jim Leonhard",50,,0,50,,0,0,0,0,49,0,53,29,46.99,94,28.8,54.5,3,25.9,109,SIT
5,6659,"Craig Reynolds",RB,WAS,NYG,"David Blough","Dennard Wilson",50,,0,46,0.3,1,8,1,9,42,0,50,9,40.18,64,23,42.5,3.5,25.8,110,SIT
5,14026,"DJ Herman",RB,MIA,CIN,"Bobby Slowik","Al Golden",50,,0,50,,0,6,5,7,36,0,34,29,34.5,38,18,42.5,-6.5,24.8,111,SIT
5,11571,"Isaiah Davis",RB,NYJ,CLE,"Frank Reich","Mike Rutenberg",50,,0,50,,0,0,0,0,33,0,56,13,38.41,51,20.5,39.5,1.5,24.7,112,SIT
5,12543,"Tahj Brooks",RB,CIN,MIA,"Zac Taylor","Jeff Hafley",47,12.1,1,50,,0,0,0,0,51,0,54,25,39.6,72,24.5,42.5,-6.5,24,113,SIT
5,00-0033376,"Patrick Ricard",RB,NYG,WAS,"Matt Nagy","Daronte Jones",50,,0,50,,0,6,2,5,37,0,51,5,39.73,46,19.5,42.5,3.5,23.9,114,SIT
5,13423,"Eli Heidenreich",RB,PIT,IND,"Mike McCarthy","Lou Anarumo",48,18.2,1,50,,0,0,0,0,39,0,52,38,43.4,66,23.5,44.5,2.5,23,115,SIT
5,11575,"Ray Davis",RB,BUF,LAR,"Joe Brady","Chris Shula",48,18.4,1,46,0,1,4,2,4,24,0,31,21,45.75,78,25.8,54.5,3,22.9,116,SIT
5,11574,"Dylan Laube",RB,LV,NE,"Klint Kubiak","Zak Kuhr",50,,0,50,,0,0,0,0,49,0,53,30,36.2,53,21,45.5,3.5,22.2,117,SIT
5,12787,"Josh Williams",RB,TB,DAL,"Zac Robinson","Christian Parker",50,,0,50,,0,0,0,0,41,0,50,9,42.13,46,19.5,47.5,8.5,22.2,118,SIT
5,7720,"Kene Nwangwu",RB,NYJ,CLE,"Frank Reich","Mike Rutenberg",50,,0,50,,0,0,0,0,33,0,50,30,38.41,51,20.5,39.5,1.5,22.2,119,SIT
5,11570,"Rasheen Ali",RB,BAL,ATL,"Declan Doyle","Jeff Ulbrich",50,,0,50,,0,0,0,0,37,0,54,21,41.21,48,20,43.5,3.5,21.6,120,SIT
5,8254,"Julius Chestnut",RB,TEN,HOU,"Brian Daboll","Matt Burke",50,,0,41,0,2,0,0,0,40,0,53,30,39.59,25,15.5,38.5,-7.5,19.2,121,SIT
5,6786,"CeeDee Lamb",WR,DAL,TB,"Brian Schottenheimer","Todd Bowles",50,,0,52,11.2,2,100,100,34,35,83,67,2,49.3,90,28,47.5,8.5,72.5,1,START
5,9488,"Jaxon Smith-Njigba",WR,SEA,SF,"Brian Fleury","Raheem Morris",50,,0,47,5.65,2,79,95,34,45,100,72,2,51.12,69,24,45.5,2.5,69.2,2,START
5,7547,"Amon-Ra St. Brown",WR,DET,ARI,"Drew Petzing","Nick Rallis",50,,0,55,20.5,1,82,66,27,72,100,73,2,48.93,100,30,54.5,-5.5,68.2,3,START
5,7569,"Nico Collins",WR,HOU,TEN,"Nick Caley","Robert Saleh",52,55.4,1,50,,0,73,82,30,58,75,87,2,45.1,64,23,38.5,-7.5,64.6,4,START
5,10232,"Michael Wilson",WR,ARI,DET,"Mike LaFleur","Kelvin Sheppard",50,,0,50,,0,95,49,33,66,100,67,2,44.81,72,24.5,54.5,-5.5,64.4,5,START
5,2133,"Davante Adams",WR,LA,BUF,"Sean McVay","Jim Leonhard",50,,0,50,,0,82,71,26,70,67,67,21,47.4,94,28.8,54.5,3,64,6,START
5,9493,"Puka Nacua",WR,LA,BUF,"Sean McVay","Jim Leonhard",50,,0,50,,0,85,63,31,70,25,78,2,47.4,94,28.8,54.5,3,61.4,7,START
5,8144,"Chris Olave",WR,NO,MIN,"Kellen Moore","Brian Flores",58,91.46,1,55,21.4,1,90,65,30,26,67,92,2,41.08,51,20.5,42.5,-1.5,60.3,8,START
5,9997,"Zay Flowers",WR,BAL,ATL,"Declan Doyle","Jeff Ulbrich",50,,0,50,,0,59,71,31,76,67,78,32,48.73,48,20,43.5,3.5,58.6,9,START
5,6801,"Tee Higgins",WR,CIN,MIA,"Zac Taylor","Jeff Hafley",49,37.8,1,51,11.2,1,85,66,27,27,33,72,32,46.18,72,24.5,42.5,-6.5,55.2,10,START
5,12519,"Luther Burden",WR,CHI,GB,"Ben Johnson","Jonathan Gannon",49,39.4,1,50,,0,50,39,27,51,100,71,6,48.11,66,23.5,45.5,-1.5,53.2,11,START
5,8167,"Christian Watson",WR,GB,CHI,"Matt LaFleur","Dennis Allen",47,40.2,2,55,14.3,2,62,47,23,20,100,62,2,43.68,59,22,45.5,-1.5,52.5,12,START
5,8112,"Drake London",WR,ATL,BAL,"Tommy Rees","Jesse Minter",50,,0,54,17.3,1,56,55,31,72,0,68,2,51.83,66,23.5,43.5,3.5,51.5,13,START
5,7526,"Jaylen Waddle",WR,DEN,LAC,"Davis Webb","Chris O'Leary",50,,0,50,,0,62,43,26,55,50,69,2,46.9,61,22.5,41.5,-3.5,51.5,14,START
5,9487,"Parker Washington",WR,JAX,PHI,"Liam Coen","Vic Fangio",52,56,1,49,7.1,1,54,34,26,61,67,53,2,48.1,70,24.2,41.5,7,50.4,15,START
5,8146,"Garrett Wilson",WR,NYJ,CLE,"Frank Reich","Mike Rutenberg",50,,0,50,,0,62,52,27,53,33,62,2,40.48,51,20.5,39.5,1.5,50.2,16,START
5,9500,"Josh Downs",WR,IND,PIT,"Shane Steichen","Patrick Graham",44,31.75,2,50,9.35,2,62,33,25,57,67,68,2,47.6,53,21,44.5,2.5,50.2,17,START
5,7564,"Ja'Marr Chase",WR,CIN,MIA,"Zac Taylor","Jeff Hafley",49,37.8,1,57,25.1,1,62,60,22,27,50,51,43,46.18,72,24.5,42.5,-6.5,50.1,18,START
5,7525,"DeVonta Smith",WR,PHI,JAX,"Sean Mannion","Anthony Campanile",50,,0,50,,0,69,51,33,69,33,60,60,46.74,34,17.2,41.5,7,49.8,19,START
5,13279,"Carnell Tate",WR,TEN,HOU,"Brian Daboll","Matt Burke",50,,0,50,,0,67,43,33,80,17,65,10,46.48,25,15.5,38.5,-7.5,49.4,20,START
5,8121,"Romeo Doubs",WR,NE,LV,"Josh McDaniels","Rob Leonard",50,,0,50,,0,44,47,19,40,67,66,2,44.42,72,24.5,45.5,3.5,49.1,21,START
5,8137,"George Pickens",WR,DAL,TB,"Brian Schottenheimer","Todd Bowles",50,,0,49,5.8,1,56,37,20,35,50,68,13,49.3,90,28,47.5,8.5,48.5,22,START
5,11834,"Devaughn Vele",WR,NO,MIN,"Kellen Moore","Brian Flores",58,91.46,1,50,,0,56,38,19,26,83,77,13,41.08,51,20.5,42.5,-1.5,48.3,23,START
5,2449,"Stefon Diggs",WR,WAS,NYG,"David Blough","Dennard Wilson",50,,0,52,13.9,1,56,40,22,55,50,67,47,50.02,64,23,42.5,3.5,48,24,START
5,12535,"Isaac TeSlaa",WR,DET,ARI,"Drew Petzing","Nick Rallis",50,,0,50,,0,41,29,13,72,50,67,25,48.93,100,30,54.5,-5.5,47.1,25,FLEX
5,11783,"Ryan Flournoy",WR,DAL,TB,"Brian Schottenheimer","Todd Bowles",50,,0,49,7.1,1,49,20,17,35,83,78,21,49.3,90,28,47.5,8.5,46.8,26,FLEX
5,5846,"DK Metcalf",WR,PIT,IND,"Mike McCarthy","Lou Anarumo",48,32.8,1,48,6.75,2,59,37,21,54,17,77,2,43.69,66,23.5,44.5,2.5,46.6,27,FLEX
5,00-0038839,"Mitchell Tinsley",WR,CIN,MIA,"Zac Taylor","Jeff Hafley",49,37.8,1,50,,0,54,25,13,27,100,50,5,46.18,72,24.5,42.5,-6.5,46.6,28,FLEX
5,11610,"Malik Washington",WR,MIA,CIN,"Bobby Slowik","Al Golden",50,,0,50,10.2,1,64,34,34,45,17,83,2,46.29,38,18,42.5,-6.5,46.5,29,FLEX
5,12501,"Matthew Golden",WR,GB,CHI,"Matt LaFleur","Dennis Allen",47,40.2,2,41,0.2,2,67,45,24,20,33,75,17,43.68,59,22,45.5,-1.5,46.5,30,FLEX
5,6794,"Justin Jefferson",WR,MIN,NO,"Kevin O'Connell","Brandon Staley",50,,0,50,,0,44,45,26,38,67,44,32,44.08,59,22,42.5,-1.5,46.1,31,FLEX
5,11630,"Roman Wilson",WR,PIT,IND,"Mike McCarthy","Lou Anarumo",48,32.8,1,47,1.4,1,46,41,17,54,33,86,13,43.69,66,23.5,44.5,2.5,46.1,32,FLEX
5,12514,"Emeka Egbuka",WR,TB,DAL,"Zac Robinson","Christian Parker",50,,0,50,,0,49,26,20,72,50,69,6,46.03,46,19.5,47.5,8.5,45.6,33,FLEX
5,8126,"Wan'Dale Robinson",WR,TEN,HOU,"Brian Daboll","Matt Burke",50,,0,50,,0,46,33,20,80,67,44,13,46.48,25,15.5,38.5,-7.5,45.6,34,FLEX
5,13346,"Denzel Boston",WR,CLE,NYJ,"Todd Monken","Aaron Glenn",48,35.2,1,50,,0,46,42,19,44,50,71,10,49.81,43,19,39.5,1.5,45.5,35,FLEX
5,13298,"KC Concepcion",WR,CLE,NYJ,"Todd Monken","Aaron Glenn",48,35.2,1,50,,0,62,24,27,44,50,74,21,49.81,43,19,39.5,1.5,45.3,36,FLEX
5,5927,"Terry McLaurin",WR,WAS,NYG,"David Blough","Dennard Wilson",50,,0,58,27.3,1,56,32,23,55,33,55,36,50.02,64,23,42.5,3.5,45.3,37,SIT
5,8148,"Jameson Williams",WR,DET,ARI,"Drew Petzing","Nick Rallis",50,,0,46,1.2,1,41,32,13,72,17,69,13,48.93,100,30,54.5,-5.5,45.2,38,SIT
5,10218,"Xavier Hutchinson",WR,HOU,TEN,"Nick Caley","Robert Saleh",52,55.4,1,54,17.9,1,56,24,24,58,17,85,13,45.1,64,23,38.5,-7.5,44.9,39,SIT
5,1479,"Keenan Allen",WR,IND,PIT,"Shane Steichen","Patrick Graham",44,31.75,2,64,14.28,4,51,31,21,57,50,56,51,47.6,53,21,44.5,2.5,44.2,40,SIT
5,11620,"Rome Odunze",WR,CHI,GB,"Ben Johnson","Jonathan Gannon",49,39.4,1,50,,0,44,32,18,51,33,74,13,48.11,66,23.5,45.5,-1.5,43.9,41,SIT
5,12732,"Dominic Lovett",WR,DET,ARI,"Drew Petzing","Nick Rallis",50,,0,50,,0,50,0,20,72,50,50,9,48.93,100,30,54.5,-5.5,43.8,42,SIT
5,11632,"Malik Nabers",WR,NYG,WAS,"Matt Nagy","Daronte Jones",50,,0,50,,0,44,34,22,79,33,54,32,44.95,46,19.5,42.5,3.5,43.8,43,SIT
5,10213,"Tre Tucker",WR,LV,NE,"Klint Kubiak","Zak Kuhr",50,,0,50,,0,49,42,18,59,0,68,2,47.32,53,21,45.5,3.5,43.7,44,SIT
5,9486,"Dontayvion Wicks",WR,PHI,JAX,"Sean Mannion","Anthony Campanile",50,,0,50,,0,41,24,19,69,50,79,2,46.74,34,17.2,41.5,7,43.5,45,SIT
5,5045,"Courtland Sutton",WR,DEN,LAC,"Davis Webb","Chris O'Leary",50,,0,50,,0,44,15,18,55,67,68,17,46.9,61,22.5,41.5,-3.5,43.1,46,SIT
5,5947,"Jakobi Meyers",WR,JAX,PHI,"Liam Coen","Vic Fangio",52,56,1,50,8.9,1,33,31,17,61,50,41,13,48.1,70,24.2,41.5,7,43,47,SIT
5,11637,"Keon Coleman",WR,BUF,LAR,"Joe Brady","Chris Shula",52,56.4,1,50,,0,38,43,17,29,33,56,21,44.83,78,25.8,54.5,3,42.6,48,SIT
5,11631,"Brian Thomas",WR,JAX,PHI,"Liam Coen","Vic Fangio",52,56,1,50,,0,50,24,6,61,33,62,21,48.1,70,24.2,41.5,7,42.1,49,SIT
5,3634,"Kalif Raymond",WR,CHI,GB,"Ben Johnson","Jonathan Gannon",49,39.4,1,46,0,1,36,34,15,51,50,50,25,48.11,66,23.5,45.5,-1.5,42.1,50,SIT
5,11474,"Dylan Drummond",WR,ATL,BAL,"Tommy Rees","Jesse Minter",50,,0,50,,0,50,0,20,72,50,50,5,51.83,66,23.5,43.5,3.5,41.7,51,SIT
5,11210,"Malik Heath",WR,ATL,BAL,"Tommy Rees","Jesse Minter",50,,0,50,,0,50,0,20,72,50,50,5,51.83,66,23.5,43.5,3.5,41.7,52,SIT
5,5872,"Deebo Samuel",WR,SF,SEA,"Kyle Shanahan","Mike Macdonald",25,23.65,4,50,,0,50,42,21,26,33,54,17,47.72,56,21.5,45.5,2.5,41.6,53,SIT
5,7571,"Rashod Bateman",WR,BAL,ATL,"Declan Doyle","Jeff Ulbrich",50,,0,52,13.9,1,36,36,18,76,33,40,43,48.73,48,20,43.5,3.5,41.5,54,SIT
5,11625,"Adonai Mitchell",WR,NYJ,CLE,"Frank Reich","Mike Rutenberg",50,,0,50,,0,58,34,23,53,25,56,81,40.48,51,20.5,39.5,1.5,41.2,55,SIT
5,7039,"Cody White",WR,LV,NE,"Klint Kubiak","Zak Kuhr",50,,0,50,,0,23,31,8,59,83,64,51,47.32,53,21,45.5,3.5,41.1,56,SIT
5,8134,"Khalil Shakir",WR,BUF,LAR,"Joe Brady","Chris Shula",52,56.4,1,55,21.6,1,44,25,20,29,33,56,13,44.83,78,25.8,54.5,3,41.1,57,SIT
5,13317,"Ted Hurst",WR,TB,DAL,"Zac Robinson","Christian Parker",50,,0,50,,0,50,21,14,72,33,59,29,46.03,46,19.5,47.5,8.5,41.1,58,SIT
5,7746,"Austin Trammell",WR,JAX,PHI,"Liam Coen","Vic Fangio",52,56,1,50,,0,50,0,20,61,50,50,5,48.1,70,24.2,41.5,7,40.9,59,SIT
5,8013,"Tim Jones",WR,JAX,PHI,"Liam Coen","Vic Fangio",52,56,1,50,,0,50,0,20,61,50,50,5,48.1,70,24.2,41.5,7,40.9,60,SIT
5,12509,"Tre' Harris",WR,LAC,DEN,"Mike McDaniel","Vance Joseph",51,52.1,1,44,2.4,2,38,30,17,51,50,70,25,40.73,43,19,41.5,-3.5,40.9,61,SIT
5,11628,"Marvin Harrison",WR,ARI,DET,"Mike LaFleur","Kelvin Sheppard",50,,0,50,,0,50,16,8,66,33,50,13,44.81,72,24.5,54.5,-5.5,40.8,62,SIT
5,4037,"Chris Godwin",WR,TB,DAL,"Zac Robinson","Christian Parker",50,,0,50,,0,50,25,17,72,0,72,17,46.03,46,19.5,47.5,8.5,40.6,63,SIT
5,9756,"Jordan Addison",WR,MIN,NO,"Kevin O'Connell","Brandon Staley",50,,0,50,,0,54,35,28,38,0,60,43,44.08,59,22,42.5,-1.5,40.6,64,SIT
5,9497,"Jalin Hyatt",WR,NYG,WAS,"Matt Nagy","Daronte Jones",50,,0,50,,0,50,0,20,79,50,50,5,44.95,46,19.5,42.5,3.5,40.5,65,SIT
5,13101,"Gage Larvadain",WR,BAL,ATL,"Declan Doyle","Jeff Ulbrich",50,,0,50,,0,50,0,20,76,50,50,9,48.73,48,20,43.5,3.5,40.4,66,SIT
5,12888,"Dalen Cambre",WR,NYG,WAS,"Matt Nagy","Daronte Jones",50,,0,50,,0,50,0,20,79,50,50,9,44.95,46,19.5,42.5,3.5,40.3,67,SIT
5,11959,"Bryce Oliver",WR,HOU,TEN,"Nick Caley","Robert Saleh",52,55.4,1,50,,0,50,0,20,58,50,50,5,45.1,64,23,38.5,-7.5,40.1,68,SIT
5,4454,"Kendrick Bourne",WR,ARI,DET,"Mike LaFleur","Kelvin Sheppard",50,,0,50,,0,36,24,13,66,33,45,25,44.81,72,24.5,54.5,-5.5,40,69,SIT
5,4177,"Mack Hollins",WR,NE,LV,"Josh McDaniels","Rob Leonard",50,,0,50,,0,38,28,17,40,50,46,51,44.42,72,24.5,45.5,3.5,39.8,70,SIT
5,2216,"Mike Evans",WR,SF,SEA,"Kyle Shanahan","Mike Macdonald",25,23.65,4,54,18.3,1,44,35,23,26,33,72,40,47.72,56,21.5,45.5,2.5,39.8,71,SIT
5,6853,"Van Jefferson",WR,WAS,NYG,"David Blough","Dennard Wilson",50,,0,50,,0,50,0,20,55,50,50,9,50.02,64,23,42.5,3.5,39.8,72,SIT
5,13150,"Darius Cooper",WR,PHI,JAX,"Sean Mannion","Anthony Campanile",50,,0,50,,0,26,30,12,69,67,30,17,46.74,34,17.2,41.5,7,39.7,73,SIT
5,8076,"Michael Bandy",WR,DEN,LAC,"Davis Webb","Chris O'Leary",50,,0,50,,0,50,0,20,55,50,50,5,46.9,61,22.5,41.5,-3.5,39.6,74,SIT
5,6920,"Isaiah Hodgins",WR,PIT,IND,"Mike McCarthy","Lou Anarumo",48,32.8,1,50,,0,50,0,20,54,50,50,5,43.69,66,23.5,44.5,2.5,39.5,75,SIT
5,8253,"Deven Thompkins",WR,LV,NE,"Klint Kubiak","Zak Kuhr",50,,0,50,,0,50,0,20,59,50,50,5,47.32,53,21,45.5,3.5,39.4,76,SIT
5,12520,"Xavier Restrepo",WR,TEN,HOU,"Brian Daboll","Matt Burke",50,,0,50,,0,50,0,20,80,50,50,9,46.48,25,15.5,38.5,-7.5,39,77,SIT
5,11306,"Xavier Gipson",WR,PHI,JAX,"Sean Mannion","Anthony Campanile",50,,0,50,,0,50,0,20,69,50,50,5,46.74,34,17.2,41.5,7,38.9,78,SIT
5,8223,"Velus Jones",WR,SEA,SF,"Brian Fleury","Raheem Morris",50,,0,50,,0,50,0,20,45,50,50,30,51.12,69,24,45.5,2.5,38.5,79,SIT
5,5154,"Trent Sherfield",WR,BUF,LAR,"Joe Brady","Chris Shula",52,56.4,1,50,,0,50,0,20,29,50,50,9,44.83,78,25.8,54.5,3,38.3,80,SIT
5,6960,"Tyler Johnson",WR,NYJ,CLE,"Frank Reich","Mike Rutenberg",50,,0,50,,0,50,0,20,53,50,50,5,40.48,51,20.5,39.5,1.5,38.3,81,SIT
5,12718,"Konata Mumpfield",WR,LA,BUF,"Sean McVay","Jim Leonhard",50,,0,50,,0,33,24,10,70,17,36,55,47.4,94,28.8,54.5,3,38.1,82,SIT
5,8676,"Rashid Shaheed",WR,SEA,SF,"Brian Fleury","Raheem Morris",50,,0,51,10.1,2,38,24,18,45,0,62,13,51.12,69,24,45.5,2.5,38,83,SIT
5,6149,"Darius Slayton",WR,IND,PIT,"Shane Steichen","Patrick Graham",44,31.75,2,49,7.75,2,50,0,20,57,50,50,30,47.6,53,21,44.5,2.5,37.8,84,SIT
5,7596,"Elijah Moore",WR,PHI,JAX,"Sean Mannion","Anthony Campanile",50,,0,50,,0,50,0,20,69,50,50,30,46.74,34,17.2,41.5,7,37.8,85,SIT
5,11608,"Isaiah Williams",WR,NYJ,CLE,"Frank Reich","Mike Rutenberg",50,,0,50,,0,31,31,15,53,17,55,13,40.48,51,20.5,39.5,1.5,37.6,86,SIT
5,9504,"Kayshon Boutte",WR,HOU,TEN,"Nick Caley","Robert Saleh",52,55.4,1,50,,0,28,18,11,58,33,72,30,45.1,64,23,38.5,-7.5,37.5,87,SIT
5,12860,"Theo Wease",WR,LAC,DEN,"Mike McDaniel","Vance Joseph",51,52.1,1,50,,0,50,0,20,51,50,50,9,40.73,43,19,41.5,-3.5,37.4,88,SIT
5,6957,"James Proche",WR,CLE,NYJ,"Todd Monken","Aaron Glenn",48,35.2,1,50,,0,50,0,20,44,50,50,9,49.81,43,19,39.5,1.5,37.3,89,SIT
5,13285,"Malachi Fields",WR,NYG,WAS,"Matt Nagy","Daronte Jones",50,,0,50,,0,28,23,13,79,17,57,21,44.95,46,19.5,42.5,3.5,37.3,90,SIT
5,12536,"Jaylin Noel",WR,HOU,TEN,"Nick Caley","Robert Saleh",52,55.4,1,51,11.3,1,33,23,15,58,0,69,25,45.1,64,23,38.5,-7.5,37,91,SIT
5,8119,"Jahan Dotson",WR,ATL,BAL,"Tommy Rees","Jesse Minter",50,,0,47,1.3,1,26,20,14,72,0,64,13,51.83,66,23.5,43.5,3.5,36.9,92,SIT
5,4983,"DJ Moore",WR,BUF,LAR,"Joe Brady","Chris Shula",52,56.4,1,51,11.2,1,36,16,18,29,50,27,32,44.83,78,25.8,54.5,3,36.8,93,SIT
5,13296,"Caleb Douglas",WR,MIA,CIN,"Bobby Slowik","Al Golden",50,,0,50,,0,38,29,19,45,25,51,68,46.29,38,18,42.5,-6.5,36.6,94,SIT
5,10444,"Cedric Tillman",WR,NO,MIN,"Kellen Moore","Brian Flores",58,91.46,1,50,,0,50,0,20,26,50,50,5,41.08,51,20.5,42.5,-1.5,36.5,95,SIT
5,13301,"Antonio Williams",WR,WAS,NYG,"David Blough","Dennard Wilson",50,,0,50,,0,38,15,15,55,0,69,29,50.02,64,23,42.5,3.5,36,96,SIT
5,12542,"Efton Chism",WR,NE,LV,"Josh McDaniels","Rob Leonard",50,,0,50,,0,50,16,8,40,17,44,34,44.42,72,24.5,45.5,3.5,36,97,SIT
5,12829,"Coleman Owen",WR,GB,CHI,"Matt LaFleur","Dennis Allen",47,40.2,2,50,,0,50,0,20,20,50,50,9,43.68,59,22,45.5,-1.5,35.9,98,SIT
5,3155,"Laquon Treadwell",WR,IND,PIT,"Shane Steichen","Patrick Graham",44,31.75,2,50,,0,26,22,11,57,33,50,25,47.6,53,21,44.5,2.5,35.9,99,SIT
5,00-0036988,"Josh Palmer",WR,BUF,LAR,"Joe Brady","Chris Shula",52,56.4,1,50,,0,23,24,10,29,17,66,5,44.83,78,25.8,54.5,3,35.6,100,SIT
5,11056,"Jared Wayne",WR,HOU,TEN,"Nick Caley","Robert Saleh",52,55.4,1,48,4,1,31,11,11,58,17,57,5,45.1,64,23,38.5,-7.5,35.4,101,SIT
5,5781,"Malik Turner",WR,SF,SEA,"Kyle Shanahan","Mike Macdonald",25,23.65,4,50,,0,50,0,20,26,50,50,9,47.72,56,21.5,45.5,2.5,35.1,102,SIT
5,9501,"DeMario Douglas",WR,NE,LV,"Josh McDaniels","Rob Leonard",50,,0,50,,0,26,11,12,40,33,67,21,44.42,72,24.5,45.5,3.5,35,103,SIT
5,12497,"Tory Horton",WR,SEA,SF,"Brian Fleury","Raheem Morris",50,,0,50,,0,15,24,6,45,25,77,34,51.12,69,24,45.5,2.5,34.9,104,SIT
5,12499,"Elic Ayomanor",WR,TEN,HOU,"Brian Daboll","Matt Burke",50,,0,46,4.75,2,18,15,10,80,50,50,25,46.48,25,15.5,38.5,-7.5,34.7,105,SIT
5,4039,"Cooper Kupp",WR,SEA,SF,"Brian Fleury","Raheem Morris",50,,0,50,,0,23,22,10,45,17,51,29,51.12,69,24,45.5,2.5,34.5,106,SIT
5,13079,"Jahdae Walker",WR,CHI,GB,"Ben Johnson","Jonathan Gannon",49,39.4,1,50,,0,8,22,4,51,50,50,34,48.11,66,23.5,45.5,-1.5,34,107,SIT
5,7587,"Dyami Brown",WR,WAS,NYG,"David Blough","Dennard Wilson",50,,0,46,4.85,2,28,16,11,55,17,41,30,50.02,64,23,42.5,3.5,33.9,108,SIT
5,13274,"Germie Bernard",WR,PIT,IND,"Mike McCarthy","Lou Anarumo",48,32.8,1,50,,0,28,14,10,54,33,36,38,43.69,66,23.5,44.5,2.5,33.9,109,SIT
5,12485,"Tez Johnson",WR,TB,DAL,"Zac Robinson","Christian Parker",50,,0,50,,0,23,13,10,72,17,66,34,46.03,46,19.5,47.5,8.5,33.7,110,SIT
5,8180,"Jalen Nailor",WR,LV,NE,"Klint Kubiak","Zak Kuhr",50,,0,50,,0,28,11,13,59,17,63,43,47.32,53,21,45.5,3.5,33.4,111,SIT
5,13338,"Kevin Coleman",WR,MIA,CIN,"Bobby Slowik","Al Golden",50,,0,50,,0,50,3,14,45,17,53,29,46.29,38,18,42.5,-6.5,33.2,112,SIT
5,13264,"Dohnte Meyers",WR,CIN,MIA,"Zac Taylor","Jeff Hafley",49,37.8,1,50,,0,38,22,11,27,0,38,29,46.18,72,24.5,42.5,-6.5,33,113,SIT
5,13294,"Makai Lemon",WR,PHI,JAX,"Sean Mannion","Anthony Campanile",50,,0,50,,0,31,14,15,69,0,57,29,46.74,34,17.2,41.5,7,33,114,SIT
5,8135,"Treylon Burks",WR,WAS,NYG,"David Blough","Dennard Wilson",50,,0,50,,0,15,22,6,55,17,50,30,50.02,64,23,42.5,3.5,33,115,SIT
5,7090,"Darnell Mooney",WR,NYG,WAS,"Matt Nagy","Daronte Jones",50,,0,50,,0,23,12,11,79,0,57,21,44.95,46,19.5,42.5,3.5,32.8,116,SIT
5,9754,"Quentin Johnston",WR,LAC,DEN,"Mike McDaniel","Vance Joseph",51,52.1,1,46,7.7,4,38,15,18,51,0,63,43,40.73,43,19,41.5,-3.5,32.8,117,SIT
5,8168,"Skyy Moore",WR,GB,CHI,"Matt LaFleur","Dennis Allen",47,40.2,2,46,1,1,31,10,10,20,50,51,21,43.68,59,22,45.5,-1.5,32.8,118,SIT
5,11623,"Jordan Whittington",WR,LA,BUF,"Sean McVay","Jim Leonhard",50,,0,50,,0,12,5,4,70,0,81,30,47.4,94,28.8,54.5,3,32.4,119,SIT
5,13320,"Zachariah Branch",WR,ATL,BAL,"Tommy Rees","Jesse Minter",50,,0,50,,0,15,9,8,72,0,81,38,51.83,66,23.5,43.5,3.5,32.4,120,SIT
5,12492,"Pat Bryant",WR,DEN,LAC,"Davis Webb","Chris O'Leary",50,,0,50,,0,18,23,7,55,33,53,94,46.9,61,22.5,41.5,-3.5,32.2,121,SIT
5,6271,"Olamide Zaccheaus",WR,ATL,BAL,"Tommy Rees","Jesse Minter",50,,0,50,,0,15,4,8,72,17,51,21,51.83,66,23.5,43.5,3.5,32.1,122,SIT
5,7562,"Tutu Atwell",WR,LA,BUF,"Sean McVay","Jim Leonhard",50,,0,50,,0,12,7,4,70,0,67,30,47.4,94,28.8,54.5,3,32.1,123,SIT
5,9494,"Marvin Mims",WR,DEN,LAC,"Davis Webb","Chris O'Leary",50,,0,50,,0,50,3,4,55,0,28,30,46.9,61,22.5,41.5,-3.5,31.6,124,SIT
5,13199,"Montorie Foster",WR,SEA,SF,"Brian Fleury","Raheem Morris",50,,0,50,,0,50,0,0,45,0,50,34,51.12,69,24,45.5,2.5,31.5,125,SIT
5,2078,"Odell Beckham",WR,MIN,NO,"Kevin O'Connell","Brandon Staley",50,,0,50,,0,50,0,5,38,0,50,13,44.08,59,22,42.5,-1.5,31.2,126,SIT
5,3269,"Chris Moore",WR,BAL,ATL,"Declan Doyle","Jeff Ulbrich",50,,0,46,0.9,1,15,16,8,76,17,55,68,48.73,48,20,43.5,3.5,31.1,127,SIT
5,11635,"Ladd McConkey",WR,LAC,DEN,"Mike McDaniel","Vance Joseph",51,52.1,1,53,10.37,3,26,18,12,51,0,50,32,40.73,43,19,41.5,-3.5,31,128,SIT
5,12523,"Jimmy Horn",WR,CLE,NYJ,"Todd Monken","Aaron Glenn",48,35.2,1,50,,0,50,0,3,44,0,50,9,49.81,43,19,39.5,1.5,30.8,129,SIT
5,11627,"Troy Franklin",WR,DEN,LAC,"Davis Webb","Chris O'Leary",50,,0,50,,0,13,8,7,55,17,61,21,46.9,61,22.5,41.5,-3.5,30.7,130,SIT
5,13394,"Josh Cameron",WR,JAX,PHI,"Liam Coen","Vic Fangio",52,56,1,50,,0,10,15,5,61,17,33,38,48.1,70,24.2,41.5,7,30.5,131,SIT
5,3200,"Sterling Shepard",WR,NYJ,CLE,"Frank Reich","Mike Rutenberg",50,,0,50,,0,8,2,5,53,50,62,13,40.48,51,20.5,39.5,1.5,30.5,132,SIT
5,13268,"Elijah Sarratt",WR,BAL,ATL,"Declan Doyle","Jeff Ulbrich",50,,0,50,,0,15,7,7,76,0,50,38,48.73,48,20,43.5,3.5,30.3,133,SIT
5,11629,"Devontez Walker",WR,BAL,ATL,"Declan Doyle","Jeff Ulbrich",50,,0,50,,0,13,9,6,76,0,58,21,48.73,48,20,43.5,3.5,30.2,134,SIT
5,8200,"Kevin Austin",WR,NO,MIN,"Kellen Moore","Brian Flores",58,91.46,1,50,,0,50,5,3,26,0,50,30,41.08,51,20.5,42.5,-1.5,29.8,135,SIT
5,6783,"Jerry Jeudy",WR,CLE,NYJ,"Todd Monken","Aaron Glenn",48,35.2,1,51,10.4,1,21,12,10,44,0,45,21,49.81,43,19,39.5,1.5,28.8,136,SIT
5,7757,"Ben Skowronek",WR,PIT,IND,"Mike McCarthy","Lou Anarumo",48,32.8,1,28,1.15,4,10,13,4,54,17,51,30,43.69,66,23.5,44.5,2.5,28.5,137,SIT
5,13333,"Deion Burks",WR,IND,PIT,"Shane Steichen","Patrick Graham",44,31.75,2,50,,0,15,5,7,57,0,76,38,47.6,53,21,44.5,2.5,28.5,138,SIT
5,12547,"Kyle Williams",WR,NE,LV,"Josh McDaniels","Rob Leonard",50,,0,50,,0,18,7,8,40,0,56,34,44.42,72,24.5,45.5,3.5,28.5,139,SIT
5,13380,"Brenen Thompson",WR,LAC,DEN,"Mike McDaniel","Vance Joseph",51,52.1,1,50,,0,23,7,12,51,0,50,68,40.73,43,19,41.5,-3.5,28.4,140,SIT
5,7521,"Chris Blair",WR,ATL,BAL,"Tommy Rees","Jesse Minter",50,,0,50,,0,8,2,3,72,17,28,30,51.83,66,23.5,43.5,3.5,28.4,141,SIT
5,8250,"Tay Martin",WR,DET,ARI,"Drew Petzing","Nick Rallis",50,,0,50,,0,0,0,0,72,0,53,30,48.93,100,30,54.5,-5.5,28.4,142,SIT
5,6588,"Tom Kennedy",WR,DET,ARI,"Drew Petzing","Nick Rallis",50,,0,50,,0,0,0,0,72,0,52,34,48.93,100,30,54.5,-5.5,28.2,143,SIT
5,6427,"Ashton Dulin",WR,IND,PIT,"Shane Steichen","Patrick Graham",44,31.75,2,49,7.5,1,27,9,12,57,0,28,60,47.6,53,21,44.5,2.5,28.1,144,SIT
5,13311,"Chris Bell",WR,MIA,CIN,"Bobby Slowik","Al Golden",50,,0,50,,0,28,11,14,45,0,34,51,46.29,38,18,42.5,-6.5,27.9,145,SIT
5,8917,"KaVontae Turpin",WR,DAL,TB,"Brian Schottenheimer","Todd Bowles",50,,0,42,1.4,2,10,9,4,35,17,27,34,49.3,90,28,47.5,8.5,27.8,146,SIT
5,12634,"Jordan Watkins",WR,SF,SEA,"Kyle Shanahan","Mike Macdonald",25,23.65,4,50,,0,15,25,8,26,0,50,34,47.72,56,21.5,45.5,2.5,27.5,147,SIT
5,6386,"Alex Bachman",WR,LA,BUF,"Sean McVay","Jim Leonhard",50,,0,50,,0,0,0,0,70,0,50,34,47.4,94,28.8,54.5,3,27.4,148,SIT
5,13541,"Lewis Bond",WR,HOU,TEN,"Nick Caley","Robert Saleh",52,55.4,1,50,,0,8,0,4,58,0,50,13,45.1,64,23,38.5,-7.5,27.4,149,SIT
5,13420,"Bryce Lance",WR,NO,MIN,"Kellen Moore","Brian Flores",58,91.46,1,50,,0,23,4,7,26,17,46,29,41.08,51,20.5,42.5,-1.5,27.3,150,SIT
5,4981,"Calvin Ridley",WR,TEN,HOU,"Brian Daboll","Matt Burke",50,,0,45,3.65,2,13,8,7,80,0,48,34,46.48,25,15.5,38.5,-7.5,27.3,151,SIT
5,5938,"Lil'Jordan Humphrey",WR,DEN,LAC,"Davis Webb","Chris O'Leary",50,,0,50,,0,8,0,4,55,0,50,5,46.9,61,22.5,41.5,-3.5,26.7,152,SIT
5,10225,"Jonathan Mingo",WR,DAL,TB,"Brian Schottenheimer","Todd Bowles",50,,0,52,12.9,1,12,3,4,35,0,50,60,49.3,90,28,47.5,8.5,26.1,153,SIT
5,12503,"Isaiah Bond",WR,CLE,NYJ,"Todd Monken","Aaron Glenn",48,35.2,1,50,,0,8,5,3,44,0,85,34,49.81,43,19,39.5,1.5,26,154,SIT
5,11421,"Ryan Miller",WR,MIA,CIN,"Bobby Slowik","Al Golden",50,,0,50,,0,10,19,4,45,0,28,30,46.29,38,18,42.5,-6.5,25.9,155,SIT
5,13477,"Colbie Young",WR,CIN,MIA,"Zac Taylor","Jeff Hafley",49,37.8,1,50,,0,8,5,3,27,0,82,68,46.18,72,24.5,42.5,-6.5,25.8,156,SIT
5,5848,"Marquise Brown",WR,PHI,JAX,"Sean Mannion","Anthony Campanile",50,,0,50,8.8,1,15,4,6,69,0,50,60,46.74,34,17.2,41.5,7,25.8,157,SIT
5,7049,"Jauan Jennings",WR,MIN,NO,"Kevin O'Connell","Brandon Staley",50,,0,55,19.9,1,10,3,5,38,0,51,21,44.08,59,22,42.5,-1.5,25.6,158,SIT
5,7812,"Simi Fehoko",WR,ARI,DET,"Mike LaFleur","Kelvin Sheppard",50,,0,50,,0,0,0,0,66,0,53,30,44.81,72,24.5,54.5,-5.5,25.6,159,SIT
5,8527,"Dareke Young",WR,LV,NE,"Klint Kubiak","Zak Kuhr",50,,0,50,,0,8,6,3,59,0,29,30,47.32,53,21,45.5,3.5,25.4,160,SIT
5,11034,"Jalen Brooks",WR,ARI,DET,"Mike LaFleur","Kelvin Sheppard",50,,0,50,,0,3,0,1,66,0,38,30,44.81,72,24.5,54.5,-5.5,25.4,161,SIT
5,12699,"LaJohntay Wester",WR,BAL,ATL,"Declan Doyle","Jeff Ulbrich",50,,0,50,,0,5,3,2,76,0,27,34,48.73,48,20,43.5,3.5,25.2,162,SIT
5,12496,"Tai Felton",WR,MIN,NO,"Kevin O'Connell","Brandon Staley",50,,0,50,,0,12,4,6,38,0,48,34,44.08,59,22,42.5,-1.5,25.2,163,SIT
5,6847,"Devin Duvernay",WR,ARI,DET,"Mike LaFleur","Kelvin Sheppard",50,,0,41,0,2,0,0,0,66,0,53,30,44.81,72,24.5,54.5,-5.5,25.1,164,SIT
5,8755,"Kaden Davis",WR,CHI,GB,"Ben Johnson","Jonathan Gannon",49,39.4,1,50,,0,0,0,0,51,0,50,5,48.11,66,23.5,45.5,-1.5,25,165,SIT
5,10228,"Charlie Jones",WR,NYG,WAS,"Matt Nagy","Daronte Jones",50,,0,50,,0,0,0,0,79,0,50,30,44.95,46,19.5,42.5,3.5,24.8,166,SIT
5,13981,"Kolbe Katsis",WR,DEN,LAC,"Davis Webb","Chris O'Leary",50,,0,50,,0,0,0,0,55,0,50,13,46.9,61,22.5,41.5,-3.5,24.6,167,SIT
5,11994,"Kameron Johnson",WR,TB,DAL,"Zac Robinson","Christian Parker",50,,0,50,,0,5,1,3,72,0,28,30,46.03,46,19.5,47.5,8.5,24.5,168,SIT
5,7496,"Nick Westbrook-Ikhine",WR,IND,PIT,"Shane Steichen","Patrick Graham",44,31.75,2,49,7,1,0,0,0,57,0,50,5,47.6,53,21,44.5,2.5,24.2,169,SIT
5,11650,"Luke McCaffrey",WR,WAS,NYG,"David Blough","Dennard Wilson",50,,0,47,3.3,1,0,0,0,55,0,50,30,50.02,64,23,42.5,3.5,24.1,170,SIT
5,5086,"Marquez Valdes-Scantling",WR,LAC,DEN,"Mike McDaniel","Vance Joseph",51,52.1,1,37,4.27,3,8,0,3,51,0,77,34,40.73,43,19,41.5,-3.5,24,171,SIT
5,13329,"Malik Benson",WR,LV,NE,"Klint Kubiak","Zak Kuhr",50,,0,50,,0,5,0,2,59,0,41,38,47.32,53,21,45.5,3.5,23.9,172,SIT
5,12540,"Chimere Dike",WR,TEN,HOU,"Brian Daboll","Matt Burke",50,,0,42,1.5,2,5,4,2,80,0,31,34,46.48,25,15.5,38.5,-7.5,23.6,173,SIT
5,13491,"Kaden Wetjen",WR,PIT,IND,"Mike McCarthy","Lou Anarumo",48,32.8,1,50,,0,0,0,0,54,0,52,38,43.69,66,23.5,44.5,2.5,23.6,174,SIT
5,13075,"Myles Price",WR,MIN,NO,"Kevin O'Connell","Brandon Staley",50,,0,50,,0,10,3,5,38,0,29,34,44.08,59,22,42.5,-1.5,23.6,175,SIT
5,8414,"Britain Covey",WR,PHI,JAX,"Sean Mannion","Anthony Campanile",50,,0,50,,0,0,0,0,69,0,53,30,46.74,34,17.2,41.5,7,23.4,176,SIT
5,8117,"Jalen Tolbert",WR,MIA,CIN,"Bobby Slowik","Al Golden",50,,0,50,,0,8,0,6,45,0,50,30,46.29,38,18,42.5,-6.5,23.4,177,SIT
5,11911,"Jeshaun Jones",WR,MIN,NO,"Kevin O'Connell","Brandon Staley",50,,0,50,,0,0,0,0,38,0,50,5,44.08,59,22,42.5,-1.5,23.2,178,SIT
5,11762,"Anthony Gould",WR,IND,PIT,"Shane Steichen","Patrick Graham",44,31.75,2,46,0,1,0,0,0,57,0,53,30,47.6,53,21,44.5,2.5,23.1,179,SIT
5,13411,"Zavion Thomas",WR,CHI,GB,"Ben Johnson","Jonathan Gannon",49,39.4,1,50,,0,3,1,1,51,0,26,38,48.11,66,23.5,45.5,-1.5,23.1,180,SIT
5,8204,"Bo Melton",WR,GB,CHI,"Matt LaFleur","Dennis Allen",47,40.2,2,47,5.75,2,8,0,3,20,0,73,30,43.68,59,22,45.5,-1.5,23,181,SIT
5,12971,"Ke'Shawn Williams",WR,CIN,MIA,"Zac Taylor","Jeff Hafley",49,37.8,1,46,0,1,0,0,0,27,0,50,9,46.18,72,24.5,42.5,-6.5,22.8,182,SIT
5,5970,"Greg Dortch",WR,BUF,LAR,"Joe Brady","Chris Shula",52,56.4,1,45,3.95,2,0,0,0,29,0,53,30,44.83,78,25.8,54.5,3,22.7,183,SIT
5,12925,"Jamaal Pritchett",WR,NYJ,CLE,"Frank Reich","Mike Rutenberg",50,,0,50,,0,0,0,0,53,0,50,34,40.48,51,20.5,39.5,1.5,22.4,184,SIT
5,13825,"Malik McClain",WR,NYJ,CLE,"Frank Reich","Mike Rutenberg",50,,0,50,,0,0,0,0,53,0,50,38,40.48,51,20.5,39.5,1.5,22.2,185,SIT
5,11617,"Malachi Corley",WR,CLE,NYJ,"Todd Monken","Aaron Glenn",48,35.2,1,50,,0,0,0,0,44,0,53,30,49.81,43,19,39.5,1.5,21.9,186,SIT
5,11506,"Jalen Cropper",WR,NO,MIN,"Kellen Moore","Brian Flores",58,91.46,1,50,,0,0,0,0,26,0,50,5,41.08,51,20.5,42.5,-1.5,21.8,187,SIT
5,13770,"J. Michael Sturdivant",WR,GB,CHI,"Matt LaFleur","Dennis Allen",47,40.2,2,50,,0,10,5,3,20,0,27,38,43.68,59,22,45.5,-1.5,21.7,188,SIT
5,10234,"Derius Davis",WR,LAC,DEN,"Mike McDaniel","Vance Joseph",51,52.1,1,36,3.98,4,5,2,2,51,0,32,30,40.73,43,19,41.5,-3.5,21.6,189,SIT
5,11168,"Xavier Smith",WR,SF,SEA,"Kyle Shanahan","Mike Macdonald",25,23.65,4,32,2.52,4,3,0,1,26,17,42,5,47.72,56,21.5,45.5,2.5,21.2,190,SIT
5,2197,"Brandin Cooks",WR,SF,SEA,"Kyle Shanahan","Mike Macdonald",25,23.65,4,48,5.4,1,8,0,4,26,0,50,38,47.72,56,21.5,45.5,2.5,20.9,191,SIT
5,11616,"Jacob Cowing",WR,SF,SEA,"Kyle Shanahan","Mike Macdonald",25,23.65,4,41,0,2,10,0,5,26,0,32,21,47.72,56,21.5,45.5,2.5,20.7,192,SIT
5,00-0034854,"KhaDarel Hodge",WR,SF,SEA,"Kyle Shanahan","Mike Macdonald",25,23.65,4,46,0,1,3,3,2,26,0,31,5,47.72,56,21.5,45.5,2.5,20.7,193,SIT
5,7595,"Tylan Wallace",WR,CLE,NYJ,"Todd Monken","Aaron Glenn",48,35.2,1,50,,0,0,0,0,44,0,50,60,49.81,43,19,39.5,1.5,20.5,194,SIT
5,13533,"Barion Brown",WR,NO,MIN,"Kellen Moore","Brian Flores",58,91.46,1,50,,0,5,0,3,26,0,41,68,41.08,51,20.5,42.5,-1.5,19.8,195,SIT
5,11604,"Brock Bowers",TE,LV,NE,"Klint Kubiak","Zak Kuhr",50,,0,50,,0,100,100,33,25,100,82,32,41.760000000000005,53,21,45.5,3.5,69.2,1,START
5,8130,"Trey McBride",TE,ARI,DET,"Mike LaFleur","Kelvin Sheppard",50,,0,50,,0,92,62,32,80,83,85,2,46.725,72,24.5,54.5,-5.5,67,2,START
5,10859,"Sam LaPorta",TE,DET,ARI,"Drew Petzing","Nick Rallis",50,,0,50,5.6,1,67,65,19,57,100,66,2,45.07,100,30,54.5,-5.5,62.4,3,START
5,4217,"George Kittle",TE,SF,SEA,"Kyle Shanahan","Mike Macdonald",68,14.2,4,87,15.7,4,47,85,24,33,67,83,6,43.335,56,21.5,45.5,2.5,59.7,4,START
5,4993,"Mike Gesicki",TE,CIN,MIA,"Zac Taylor","Jeff Hafley",55,18.5,1,50,,0,42,62,13,63,50,74,6,42.89,72,24.5,42.5,-6.5,51.9,5,START
5,12518,"Tyler Warren",TE,IND,PIT,"Shane Steichen","Patrick Graham",54,11.7,2,55,14.4,1,67,53,25,41,33,79,6,45.845,53,21,44.5,2.5,51.6,6,START
5,7002,"Juwan Johnson",TE,NO,MIN,"Kellen Moore","Brian Flores",58,23.4,1,47,1.2,1,56,66,17,20,67,72,6,39.245,51,20.5,42.5,-1.5,51.2,7,START
5,12506,"Harold Fannin",TE,CLE,NYJ,"Todd Monken","Aaron Glenn",57,22.3,1,50,,0,50,64,22,33,50,72,6,45.125,43,19,39.5,1.5,50.2,8,START
5,5844,"T.J. Hockenson",TE,MIN,NO,"Kevin O'Connell","Brandon Staley",50,,0,50,,0,58,47,25,58,50,46,2,44.019999999999996,59,22,42.5,-1.5,50.2,9,START
5,8110,"Jake Ferguson",TE,DAL,TB,"Brian Schottenheimer","Todd Bowles",50,,0,52,10,1,36,49,12,47,50,74,2,43.459999999999994,90,28,47.5,8.5,48.2,10,START
5,8131,"Isaiah Likely",TE,NYG,WAS,"Matt Nagy","Daronte Jones",50,,0,50,,0,75,35,32,50,33,63,32,42.34,46,19.5,42.5,3.5,47.9,11,START
5,3271,"Tyler Higbee",TE,LA,BUF,"Sean McVay","Jim Leonhard",50,,0,50,,0,53,49,14,34,33,51,10,47.195,94,28.8,54.5,3,47.4,12,START
5,5012,"Mark Andrews",TE,BAL,ATL,"Declan Doyle","Jeff Ulbrich",50,,0,52,10.2,1,50,41,23,45,33,81,6,44.97,48,20,43.5,3.5,46,13,SIT
5,7600,"Pat Freiermuth",TE,PIT,IND,"Mike McCarthy","Lou Anarumo",51,10.4,1,98,18.5,4,44,32,16,43,17,86,2,43.545,66,23.5,44.5,2.5,45.4,14,SIT
5,9484,"Tucker Kraft",TE,GB,CHI,"Matt LaFleur","Dennis Allen",50,8.75,2,50,,0,53,37,18,20,67,60,2,41.68,59,22,45.5,-1.5,45.4,15,SIT
5,12517,"Colston Loveland",TE,CHI,GB,"Ben Johnson","Jonathan Gannon",50,7.8,1,50,,0,44,28,17,29,83,52,6,47,66,23.5,45.5,-1.5,44.6,16,SIT
5,11603,"AJ Barner",TE,SEA,SF,"Brian Fleury","Raheem Morris",50,,0,50,,0,39,30,14,33,83,51,2,47.735,69,24,45.5,2.5,44.5,17,SIT
5,5001,"Dalton Schultz",TE,HOU,TEN,"Nick Caley","Robert Saleh",48,4.4,1,49,4.4,1,53,48,16,30,33,36,6,38.415,64,23,38.5,-7.5,43.7,18,SIT
5,11381,"Travis Vokolek",TE,ARI,DET,"Mike LaFleur","Kelvin Sheppard",50,,0,50,,0,50,0,20,80,50,50,5,46.725,72,24.5,54.5,-5.5,42.5,19,SIT
5,8227,"Teagan Quitoriano",TE,ARI,DET,"Mike LaFleur","Kelvin Sheppard",50,,0,50,,0,50,0,20,80,50,50,30,46.725,72,24.5,54.5,-5.5,41.4,20,SIT
5,9482,"Michael Mayer",TE,LV,NE,"Klint Kubiak","Zak Kuhr",50,,0,50,,0,47,47,15,25,17,61,13,41.760000000000005,53,21,45.5,3.5,41.3,21,SIT
5,12493,"Oronde Gadsden",TE,LAC,DEN,"Mike McDaniel","Vance Joseph",46,2.5,1,50,,0,50,26,16,49,50,43,6,42.44499999999999,43,19,41.5,-3.5,41.3,22,SIT
5,5133,"Tyler Conklin",TE,DET,ARI,"Drew Petzing","Nick Rallis",50,,0,47,1.8,1,50,0,20,57,50,50,25,45.07,100,30,54.5,-5.5,41.3,23,SIT
5,9480,"Brenton Strange",TE,JAX,PHI,"Liam Coen","Vic Fangio",51,11.2,1,50,,0,42,37,20,29,17,52,2,46.754999999999995,70,24.2,41.5,7,41.2,24,SIT
5,8111,"Cade Otton",TE,TB,DAL,"Zac Robinson","Christian Parker",50,,0,50,,0,50,35,19,34,0,95,2,44.08,46,19.5,47.5,8.5,41.2,25,SIT
5,8849,"Tanner Conner",TE,NE,LV,"Josh McDaniels","Rob Leonard",50,,0,50,,0,50,0,20,65,50,50,5,43.385000000000005,72,24.5,45.5,3.5,41,26,SIT
5,8170,"James Mitchell",TE,DAL,TB,"Brian Schottenheimer","Todd Bowles",50,,0,50,,0,50,0,20,47,50,50,5,43.459999999999994,90,28,47.5,8.5,40.7,27,SIT
5,3214,"Hunter Henry",TE,NE,LV,"Josh McDaniels","Rob Leonard",50,,0,50,,0,33,27,15,65,17,58,6,43.385000000000005,72,24.5,45.5,3.5,40.3,28,SIT
5,10236,"Dalton Kincaid",TE,BUF,LAR,"Joe Brady","Chris Shula",46,1.5,1,50,,0,36,41,16,24,17,41,2,45.29,78,25.8,54.5,3,39.7,29,SIT
5,5022,"Dallas Goedert",TE,PHI,JAX,"Sean Mannion","Anthony Campanile",50,,0,50,,0,29,52,14,34,50,42,36,41.375,34,17.2,41.5,7,39.6,30,SIT
5,12062,"Cam Grandy",TE,MIN,NO,"Kevin O'Connell","Brandon Staley",50,,0,50,,0,50,0,20,58,50,50,5,44.019999999999996,59,22,42.5,-1.5,39.5,31,SIT
5,13330,"Kenyon Sadiq",TE,NYJ,CLE,"Frank Reich","Mike Rutenberg",50,,0,50,,0,42,38,19,54,0,49,10,39.44499999999999,51,20.5,39.5,1.5,39.5,32,SIT
5,12045,"Jack Westover",TE,WAS,NYG,"David Blough","Dennard Wilson",50,,0,50,,0,50,0,20,51,50,50,5,45.1,64,23,42.5,3.5,39.3,33,SIT
5,9479,"Darnell Washington",TE,PIT,IND,"Mike McCarthy","Lou Anarumo",51,10.4,1,39,3.53,4,31,32,10,43,33,61,13,43.545,66,23.5,44.5,2.5,38.7,34,SIT
5,8172,"Greg Dulcich",TE,MIA,CIN,"Bobby Slowik","Al Golden",50,,0,51,7.6,1,33,25,13,64,33,57,2,40.394999999999996,38,18,42.5,-6.5,38.6,35,SIT
5,7946,"Jack Stoll",TE,SF,SEA,"Kyle Shanahan","Mike Macdonald",68,14.2,4,50,,0,50,0,20,33,50,50,5,43.335,56,21.5,45.5,2.5,38.2,36,SIT
5,12374,"Brenden Bates",TE,JAX,PHI,"Liam Coen","Vic Fangio",51,11.2,1,50,,0,50,0,20,29,50,50,5,46.754999999999995,70,24.2,41.5,7,38,37,SIT
5,4443,"Pharaoh Brown",TE,IND,PIT,"Shane Steichen","Patrick Graham",54,11.7,2,50,,0,50,0,20,41,50,50,9,45.845,53,21,44.5,2.5,37.8,38,SIT
5,5857,"Noah Fant",TE,NO,MIN,"Kellen Moore","Brian Flores",58,23.4,1,52,7.8,2,33,45,8,20,50,29,43,39.245,51,20.5,42.5,-1.5,37.6,39,SIT
5,13151,"Nick Kallerup",TE,SEA,SF,"Brian Fleury","Raheem Morris",50,,0,50,,0,50,0,20,33,50,50,34,47.735,69,24,45.5,2.5,37.1,40,SIT
5,8799,"Zaire Mitchell-Paden",TE,HOU,TEN,"Nick Caley","Robert Saleh",48,4.4,1,50,,0,50,0,20,30,50,50,5,38.415,64,23,38.5,-7.5,36.9,41,SIT
5,8500,"John FitzPatrick",TE,CLE,NYJ,"Todd Monken","Aaron Glenn",57,22.3,1,50,,0,50,0,20,33,50,50,5,45.125,43,19,39.5,1.5,36.7,42,SIT
5,11820,"Devin Culp",TE,TB,DAL,"Zac Robinson","Christian Parker",50,,0,50,,0,50,0,20,34,50,50,5,44.08,46,19.5,47.5,8.5,36.5,43,SIT
5,8249,"Lucas Krull",TE,DEN,LAC,"Davis Webb","Chris O'Leary",50,,0,50,,0,50,0,20,22,50,50,5,43.835,61,22.5,41.5,-3.5,36.5,44,SIT
5,12715,"Thomas Fidone",TE,NYG,WAS,"Matt Nagy","Daronte Jones",50,,0,50,,0,50,0,20,50,50,50,34,42.34,46,19.5,42.5,3.5,36.5,45,SIT
5,13324,"Matt Hibner",TE,BAL,ATL,"Declan Doyle","Jeff Ulbrich",50,,0,50,,0,20,20,20,45,50,50,21,44.97,48,20,43.5,3.5,36.1,46,SIT
5,13210,"Drake Dabney",TE,GB,CHI,"Matt LaFleur","Dennis Allen",50,8.75,2,50,,0,50,0,20,20,50,50,9,41.68,59,22,45.5,-1.5,35.9,47,SIT
5,12938,"Jackson Meeks",TE,DET,ARI,"Drew Petzing","Nick Rallis",50,,0,50,,0,50,7,3,57,0,50,34,45.07,100,30,54.5,-5.5,35.9,48,SIT
5,8583,"Stone Smartt",TE,NO,MIN,"Kellen Moore","Brian Flores",58,23.4,1,50,,0,50,0,20,20,50,50,5,39.245,51,20.5,42.5,-1.5,35.8,49,SIT
5,7050,"Josiah Deguara",TE,PHI,JAX,"Sean Mannion","Anthony Campanile",50,,0,50,,0,50,0,20,34,50,50,5,41.375,34,17.2,41.5,7,35.5,50,SIT
5,13421,"Eli Raridon",TE,NE,LV,"Josh McDaniels","Rob Leonard",50,,0,50,,0,11,19,5,65,33,66,21,43.385000000000005,72,24.5,45.5,3.5,35.3,51,SIT
5,10212,"Josh Whyle",TE,GB,CHI,"Matt LaFleur","Dennis Allen",50,8.75,2,48,3.1,1,50,0,20,20,50,50,21,41.68,59,22,45.5,-1.5,35.3,52,SIT
5,6001,"Drew Sample",TE,CIN,MIA,"Zac Taylor","Jeff Hafley",55,18.5,1,46,0.8,1,21,12,7,63,25,64,17,42.89,72,24.5,42.5,-6.5,35,53,SIT
5,7716,"John Bates",TE,WAS,NYG,"David Blough","Dennard Wilson",50,,0,50,,0,17,11,7,51,50,63,13,45.1,64,23,42.5,3.5,35,54,SIT
5,10231,"Elijah Higgins",TE,ARI,DET,"Mike LaFleur","Kelvin Sheppard",50,,0,50,,0,14,21,4,80,17,33,13,46.725,72,24.5,54.5,-5.5,34.8,55,SIT
5,8145,"Jeremy Ruckert",TE,NYJ,CLE,"Frank Reich","Mike Rutenberg",50,,0,50,,0,22,26,8,54,33,39,21,39.44499999999999,51,20.5,39.5,1.5,34.6,56,SIT
5,7602,"Kylen Granson",TE,TEN,HOU,"Brian Daboll","Matt Burke",50,,0,50,,0,50,0,20,28,50,50,21,43.035,25,15.5,38.5,-7.5,33.8,57,SIT
5,8210,"Chig Okonkwo",TE,WAS,NYG,"David Blough","Dennard Wilson",50,,0,50,,0,29,13,11,51,0,84,32,45.1,64,23,42.5,3.5,33.7,58,SIT
5,5906,"Dawson Knox",TE,BUF,LAR,"Joe Brady","Chris Shula",46,1.5,1,47,1.5,1,17,18,7,24,33,70,13,45.29,78,25.8,54.5,3,33.4,59,SIT
5,11433,"Nate Adkins",TE,DEN,LAC,"Davis Webb","Chris O'Leary",50,,0,50,,0,17,28,7,22,50,31,21,43.835,61,22.5,41.5,-3.5,33.4,60,SIT
5,12357,"David Martin-Robinson",TE,TEN,HOU,"Brian Daboll","Matt Burke",50,,0,46,0,1,50,0,20,28,50,50,30,43.035,25,15.5,38.5,-7.5,33.2,61,SIT
5,00-0040879,"Matthew Hibner",TE,BAL,ATL,"Declan Doyle","Jeff Ulbrich",50,,0,50,,0,14,25,7,45,17,65,5,44.97,48,20,43.5,3.5,33.1,62,SIT
5,3202,"Austin Hooper",TE,ATL,BAL,"Tommy Rees","Jesse Minter",50,,0,49,4.9,1,19,21,9,34,17,53,17,48.894999999999996,66,23.5,43.5,3.5,32.8,63,SIT
5,4995,"Ian Thomas",TE,LV,NE,"Klint Kubiak","Zak Kuhr",50,,0,50,,0,13,31,6,25,33,61,25,41.760000000000005,53,21,45.5,3.5,32.7,64,SIT
5,5985,"Foster Moreau",TE,HOU,TEN,"Nick Caley","Robert Saleh",48,4.4,1,50,,0,19,21,8,30,33,46,13,38.415,64,23,38.5,-7.5,32.5,65,SIT
5,11592,"Erick All",TE,CIN,MIA,"Zac Taylor","Jeff Hafley",55,18.5,1,50,,0,25,10,10,63,0,50,30,42.89,72,24.5,42.5,-6.5,32.4,66,SIT
5,7553,"Kyle Pitts",TE,ATL,BAL,"Tommy Rees","Jesse Minter",50,,0,46,0,1,22,16,11,34,0,65,2,48.894999999999996,66,23.5,43.5,3.5,32.2,67,SIT
5,7891,"Brock Wright",TE,DET,ARI,"Drew Petzing","Nick Rallis",50,,0,51,7.4,1,11,6,3,57,17,35,13,45.07,100,30,54.5,-5.5,31.4,68,SIT
5,5409,"Tanner Hudson",TE,CIN,MIA,"Zac Taylor","Jeff Hafley",55,18.5,1,53,11,1,11,8,3,63,17,60,25,42.89,72,24.5,42.5,-6.5,31.3,69,SIT
5,1339,"Zach Ertz",TE,PHI,JAX,"Sean Mannion","Anthony Campanile",50,,0,50,,0,25,11,12,34,25,72,13,41.375,34,17.2,41.5,7,31.3,70,SIT
5,8489,"Drew Ogletree",TE,IND,PIT,"Shane Steichen","Patrick Graham",54,11.7,2,50,,0,50,0,2,41,0,45,13,45.845,53,21,44.5,2.5,30.8,71,SIT
5,12502,"Gunnar Helm",TE,TEN,HOU,"Brian Daboll","Matt Burke",50,,0,47,4.55,2,19,11,9,28,50,64,6,43.035,25,15.5,38.5,-7.5,30.8,72,SIT
5,6865,"Colby Parkinson",TE,LA,BUF,"Sean McVay","Jim Leonhard",50,,0,50,,0,14,7,5,34,33,48,43,47.195,94,28.8,54.5,3,30.7,73,SIT
5,10871,"Luke Schoonmaker",TE,DAL,TB,"Brian Schottenheimer","Todd Bowles",50,,0,47,1.3,1,8,9,3,47,0,92,21,43.459999999999994,90,28,47.5,8.5,30.7,74,SIT
5,4144,"Jonnu Smith",TE,GB,CHI,"Matt LaFleur","Dennis Allen",50,8.75,2,50,5.8,1,19,19,6,20,17,65,17,41.68,59,22,45.5,-1.5,30.5,75,SIT
5,13307,"Marlin Klein",TE,HOU,TEN,"Nick Caley","Robert Saleh",48,4.4,1,50,,0,8,11,3,30,0,50,29,38.415,64,23,38.5,-7.5,30.1,76,SIT
5,4602,"Robert Tonyan",TE,PIT,IND,"Mike McCarthy","Lou Anarumo",51,10.4,1,50,,0,8,5,3,43,50,50,25,43.545,66,23.5,44.5,2.5,30.1,77,SIT
5,12498,"Mason Taylor",TE,NYJ,CLE,"Frank Reich","Mike Rutenberg",50,,0,50,,0,25,7,13,54,0,50,17,39.44499999999999,51,20.5,39.5,1.5,30,78,SIT
5,11597,"Theo Johnson",TE,NYG,WAS,"Matt Nagy","Daronte Jones",50,,0,50,,0,17,14,6,50,17,36,13,42.34,46,19.5,42.5,3.5,29.6,79,SIT
5,10214,"Davis Allen",TE,LA,BUF,"Sean McVay","Jim Leonhard",50,,0,50,,0,17,8,4,34,0,51,21,47.195,94,28.8,54.5,3,29.5,80,SIT
5,4189,"Eric Saubert",TE,SEA,SF,"Brian Fleury","Raheem Morris",50,,0,46,0,1,8,11,3,33,33,31,17,47.735,69,24,45.5,2.5,28.5,81,SIT
5,13322,"Sam Roush",TE,CHI,GB,"Ben Johnson","Jonathan Gannon",50,7.8,1,50,,0,14,9,5,29,17,60,29,47,66,23.5,45.5,-1.5,28.5,82,SIT
5,8219,"Jelani Woods",TE,NYJ,CLE,"Frank Reich","Mike Rutenberg",50,,0,50,,0,8,11,5,54,0,81,30,39.44499999999999,51,20.5,39.5,1.5,28.1,83,SIT
5,7075,"Charlie Woerner",TE,ATL,BAL,"Tommy Rees","Jesse Minter",50,,0,47,1.5,1,8,0,4,34,25,75,21,48.894999999999996,66,23.5,43.5,3.5,28,84,SIT
5,13299,"Nate Boerkircher",TE,JAX,PHI,"Liam Coen","Vic Fangio",51,11.2,1,50,,0,11,6,6,29,17,54,21,46.754999999999995,70,24.2,41.5,7,28,85,SIT
5,13013,"Mark Redman",TE,GB,CHI,"Matt LaFleur","Dennis Allen",50,8.75,2,50,,0,17,20,7,20,0,50,34,41.68,59,22,45.5,-1.5,27.5,86,SIT
5,4066,"Evan Engram",TE,DEN,LAC,"Davis Webb","Chris O'Leary",50,,0,50,,0,22,6,8,22,0,43,6,43.835,61,22.5,41.5,-3.5,27.1,87,SIT
5,12700,"Gavin Bartholomew",TE,MIN,NO,"Kevin O'Connell","Brandon Staley",50,,0,50,,0,8,6,3,58,0,50,17,44.019999999999996,59,22,42.5,-1.5,27.1,88,SIT
5,11201,"Blake Whiteheart",TE,CLE,NYJ,"Todd Monken","Aaron Glenn",57,22.3,1,50,,0,8,15,4,33,17,31,13,45.125,43,19,39.5,1.5,26.8,89,SIT
5,11593,"Brevyn Spann-Ford",TE,DAL,TB,"Brian Schottenheimer","Todd Bowles",50,,0,46,0,1,6,4,2,47,0,35,13,43.459999999999994,90,28,47.5,8.5,26.7,90,SIT
5,11942,"Colson Yankoff",TE,WAS,NYG,"David Blough","Dennard Wilson",50,,0,50,,0,11,5,4,51,0,48,30,45.1,64,23,42.5,3.5,26.7,91,SIT
5,12521,"Elijah Arroyo",TE,SEA,SF,"Brian Fleury","Raheem Morris",50,,0,50,,0,8,11,4,33,0,50,25,47.735,69,24,45.5,2.5,26.7,92,SIT
5,6826,"Cole Kmet",TE,CHI,GB,"Ben Johnson","Jonathan Gannon",50,7.8,1,50,6.5,1,11,5,4,29,0,52,13,47,66,23.5,45.5,-1.5,26,93,SIT
5,10210,"Cameron Latu",TE,NE,LV,"Josh McDaniels","Rob Leonard",50,,0,50,,0,0,0,0,65,0,54,21,43.385000000000005,72,24.5,45.5,3.5,25.9,94,SIT
5,4054,"Mo Alie-Cox",TE,IND,PIT,"Shane Steichen","Patrick Graham",54,11.7,2,48,3.8,1,8,11,3,41,0,50,29,45.845,53,21,44.5,2.5,25.9,95,SIT
5,11599,"Cade Stover",TE,HOU,TEN,"Nick Caley","Robert Saleh",48,4.4,1,50,,0,8,8,3,30,0,72,30,38.415,64,23,38.5,-7.5,25.5,96,SIT
5,11596,"Ben Sinnott",TE,WAS,NYG,"David Blough","Dennard Wilson",50,,0,47,1.3,1,8,3,3,51,0,63,51,45.1,64,23,42.5,3.5,25.4,97,SIT
5,3048,"Chris Manhertz",TE,NYG,WAS,"Matt Nagy","Daronte Jones",50,,0,50,,0,0,0,0,50,50,50,59,42.34,46,19.5,42.5,3.5,25.1,98,SIT
5,7568,"Brevin Jordan",TE,HOU,TEN,"Nick Caley","Robert Saleh",48,4.4,1,50,,0,8,10,4,30,0,50,30,38.415,64,23,38.5,-7.5,24.9,99,SIT
5,13434,"Will Kacmarek",TE,MIA,CIN,"Bobby Slowik","Al Golden",50,,0,50,,0,8,5,5,64,0,29,21,40.394999999999996,38,18,42.5,-6.5,24.7,100,SIT
5,8127,"Charlie Kolar",TE,LAC,DEN,"Mike McDaniel","Vance Joseph",46,2.5,1,50,,0,13,11,6,49,0,26,43,42.44499999999999,43,19,41.5,-3.5,24.6,101,SIT
5,00-0037292,"Andrew Ogletree",TE,IND,PIT,"Shane Steichen","Patrick Graham",54,11.7,2,50,,0,6,0,2,41,0,46,5,45.845,53,21,44.5,2.5,24.4,102,SIT
5,6869,"Adam Trautman",TE,DEN,LAC,"Davis Webb","Chris O'Leary",50,,0,50,,0,17,6,7,22,0,38,43,43.835,61,22.5,41.5,-3.5,24.3,103,SIT
5,12658,"Jackson Hawes",TE,BUF,LAR,"Joe Brady","Chris Shula",46,1.5,1,50,,0,8,0,4,24,0,50,25,45.29,78,25.8,54.5,3,24,104,SIT
5,13273,"Josh Cuevas",TE,BAL,ATL,"Declan Doyle","Jeff Ulbrich",50,,0,50,,0,4,5,3,45,0,28,29,44.97,48,20,43.5,3.5,23.8,105,SIT
5,8225,"Daniel Bellinger",TE,TEN,HOU,"Brian Daboll","Matt Burke",50,,0,50,,0,11,7,5,28,0,55,13,43.035,25,15.5,38.5,-7.5,23.4,106,SIT
5,13319,"Oscar Delp",TE,NO,MIN,"Kellen Moore","Brian Flores",58,23.4,1,50,,0,4,4,2,20,0,28,29,39.245,51,20.5,42.5,-1.5,23.4,107,SIT
5,10227,"Payne Durham",TE,TB,DAL,"Zac Robinson","Christian Parker",50,,0,50,,0,8,0,3,34,0,50,13,44.08,46,19.5,47.5,8.5,23.2,108,SIT
5,7536,"Quintin Morris",TE,JAX,PHI,"Liam Coen","Vic Fangio",51,11.2,1,50,,0,6,2,3,29,0,31,30,46.754999999999995,70,24.2,41.5,7,23.1,109,SIT
5,7842,"Luke Farrell",TE,SF,SEA,"Kyle Shanahan","Mike Macdonald",68,14.2,4,45,2.6,2,3,0,1,33,0,41,13,43.335,56,21.5,45.5,2.5,23,110,SIT
5,10224,"Brayden Willis",TE,SF,SEA,"Kyle Shanahan","Mike Macdonald",68,14.2,4,46,0,1,0,0,0,33,0,54,21,43.335,56,21.5,45.5,2.5,22.8,111,SIT
5,8523,"Nick Muse",TE,ATL,BAL,"Tommy Rees","Jesse Minter",50,,0,50,,0,0,0,0,34,0,53,30,48.894999999999996,66,23.5,43.5,3.5,22.7,112,SIT
5,4314,"Johnny Mundt",TE,PHI,JAX,"Sean Mannion","Anthony Campanile",50,,0,50,,0,11,6,4,34,0,29,17,41.375,34,17.2,41.5,7,22.6,113,SIT
5,12901,"Patrick Herbert",TE,LAC,DEN,"Mike McDaniel","Vance Joseph",46,2.5,1,50,,0,0,0,0,49,0,50,9,42.44499999999999,43,19,41.5,-3.5,22.5,114,SIT
5,13580,"Carsen Ryan",TE,CLE,NYJ,"Todd Monken","Aaron Glenn",57,22.3,1,50,,0,0,0,0,33,0,53,29,45.125,43,19,39.5,1.5,22.3,115,SIT
5,12389,"Hayden Rucci",TE,LAC,DEN,"Mike McDaniel","Vance Joseph",46,2.5,1,50,,0,0,0,0,49,0,50,21,42.44499999999999,43,19,41.5,-3.5,22,116,SIT
5,12765,"Keleki Latu",TE,BUF,LAR,"Joe Brady","Chris Shula",46,1.5,1,50,,0,0,0,0,24,0,52,34,45.29,78,25.8,54.5,3,22,117,SIT
5,13308,"Bauer Sharp",TE,TB,DAL,"Zac Robinson","Christian Parker",50,,0,50,,0,0,0,0,34,0,53,29,44.08,46,19.5,47.5,8.5,21,118,SIT
5,8484,"Ko Kieft",TE,TB,DAL,"Zac Robinson","Christian Parker",50,,0,50,,0,0,0,0,34,0,50,30,44.08,46,19.5,47.5,8.5,20.8,119,SIT
5,11304,"E.J. Jenkins",TE,PHI,JAX,"Sean Mannion","Anthony Campanile",50,,0,50,,0,0,0,0,34,0,54,21,41.375,34,17.2,41.5,7,20.4,120,SIT
5,12079,"Treyton Welch",TE,NO,MIN,"Kellen Moore","Brian Flores",58,23.4,1,50,,0,4,0,1,20,0,38,30,39.245,51,20.5,42.5,-1.5,20.3,121,SIT