player_id,player_name,position,team,opponent,offensive_play_caller,defensive_play_caller,play_caller_matchup_score,play_caller_historical_ppr,play_caller_sample_size,player_vs_defensive_caller_score,player_vs_defensive_caller_ppr,player_vs_defensive_caller_sample_size,opportunity_score,production_score,usage_score,matchup_score,redzone_score,expert_score,risk_score,trench_score,model_score,position_rank,recommendation
12545,"Tyler Shough",QB,NO,ATL,"Kellen Moore","Jeff Ulbrich",25,14.27,3,58,17.84,2,100,81,100,41,79,87,6,47.82,76.4,1,START
9228,"Bryce Young",QB,CAR,DET,"Brad Idzik","Kelvin Sheppard",50,,0,50,,0,85,73,85,80,88,83,2,45.96,75.6,2,START
4984,"Josh Allen",QB,BUF,NE,"Joe Brady","Zak Kuhr",50,,0,50,,0,78,100,78,28,67,80,36,43.5,70.2,3,START
3163,"Jared Goff",QB,DET,CAR,"Drew Petzing","Ejiro Evero",51,20.29,2,58,27.44,1,81,66,81,49,76,87,6,45.89,69.5,4,START
4046,"Patrick Mahomes",QB,KC,LV,"Andy Reid","Rob Leonard",50,,0,50,,0,74,71,74,45,82,79,6,44.46,67.4,5,START
1737,"Case Keenum",QB,CHI,NYJ,"Ben Johnson","Aaron Glenn",50,,0,50,,0,78,73,78,29,100,50,21,47.32,67.2,6,START
3294,"Dak Prescott",QB,DAL,HOU,"Brian Schottenheimer","Matt Burke",50,,0,50,,0,79,63,79,50,67,83,10,46.82,66.6,7,START
3257,"Jacoby Brissett",QB,ARI,NYG,"Mike LaFleur","Dennard Wilson",50,,0,46,0,1,88,51,88,41,70,71,10,55.53,66,8,START
6804,"Jordan Love",QB,GB,TB,"Matt LaFleur","Todd Bowles",48,18.78,2,54,19.46,1,86,58,86,33,58,80,2,45.51,65.6,9,START
9758,"C.J. Stroud",QB,HOU,DAL,"Nick Caley","Christian Parker",50,,0,50,,0,87,49,87,55,52,78,2,48.8,65.5,10,START
8183,"Brock Purdy",QB,SF,DEN,"Kyle Shanahan","Vance Joseph",55,22.77,2,51,10.06,2,64,83,64,41,55,86,2,51.03,65.4,11,START
421,"Matthew Stafford",QB,LA,PHI,"Sean McVay","Vic Fangio",46,17.53,2,58,17.53,2,82,60,82,46,58,65,10,50.99,65.3,12,START
1166,"Kirk Cousins",QB,LV,KC,"Klint Kubiak","Steve Spagnuolo",48,16.38,1,57,16.48,2,71,62,71,21,67,93,10,50.75,62.4,13,SIT
1373,"Geno Smith",QB,NYJ,CHI,"Frank Reich","Dennis Allen",50,,0,60,19.9,2,79,51,79,41,45,76,10,46.29,61.5,14,SIT
11563,"Bo Nix",QB,DEN,SF,"Davis Webb","Raheem Morris",50,,0,50,,0,72,48,72,30,79,84,2,49.98,61.3,15,SIT
6904,"Jalen Hurts",QB,PHI,LAR,"Sean Mannion","Chris Shula",50,,0,63,23.05,2,71,60,71,35,39,84,2,49.12,61,16,SIT
6770,"Joe Burrow",QB,CIN,JAX,"Zac Taylor","Anthony Campanile",58,30.78,1,49,7.04,1,76,57,76,28,42,87,2,44.02,61,17,SIT
5870,"Daniel Jones",QB,IND,WAS,"Shane Steichen","Daronte Jones",50,,0,50,,0,72,38,72,70,45,92,2,47.46,60.1,18,SIT
11566,"Jayden Daniels",QB,WAS,IND,"David Blough","Lou Anarumo",50,,0,58,28.06,1,65,49,65,52,82,78,43,49.94,60,19,SIT
11560,"Caleb Williams",QB,CHI,NYJ,"Ben Johnson","Aaron Glenn",50,,0,65,25.45,2,72,71,72,29,59,62,81,47.32,59.9,20,SIT
96,"Aaron Rodgers",QB,PIT,CLE,"Mike McCarthy","Mike Rutenberg",50,,0,50,,0,82,45,82,40,36,79,10,46.77,59.8,21,SIT
4017,"Deshaun Watson",QB,CLE,PIT,"Todd Monken","Patrick Graham",49,18.38,1,52,14.24,1,73,54,73,29,52,88,6,40.61,59.7,22,SIT
4881,"Lamar Jackson",QB,BAL,TEN,"Declan Doyle","Robert Saleh",50,,0,50,,0,64,64,64,20,48,87,2,49,58.4,23,SIT
7523,"Trevor Lawrence",QB,JAX,CIN,"Liam Coen","Al Golden",53,23.24,1,56,23.24,1,61,56,61,44,45,80,2,45.77,57.8,24,SIT
6797,"Justin Herbert",QB,LAC,SEA,"Mike McDaniel","Mike Macdonald",66,23.26,3,53,17.38,1,68,42,68,29,48,91,2,41.47,56.9,25,SIT
12522,"Cam Ward",QB,TEN,BAL,"Brian Daboll","Jesse Minter",50,,0,49,6.4,1,66,43,66,35,52,80,6,49.21,55.9,26,SIT
8161,"Malik Willis",QB,MIA,MIN,"Bobby Slowik","Brian Flores",48,16.96,1,46,0.58,1,71,45,71,34,27,81,2,38.35,54.6,27,SIT
11564,"Drake Maye",QB,NE,BUF,"Josh McDaniels","Jim Leonhard",50,,0,50,,0,65,36,65,49,39,82,2,41.66,54.1,28,SIT
5854,"Drew Lock",QB,SEA,LAC,"Brian Fleury","Chris O'Leary",50,,0,50,,0,51,51,51,46,45,87,13,47.26,53.3,29,SIT
2307,"Marcus Mariota",QB,WAS,IND,"David Blough","Lou Anarumo",50,,0,51,12.06,1,54,44,54,52,18,67,6,49.94,50.3,30,SIT
11559,"Michael Penix",QB,ATL,NO,"Tommy Rees","Brandon Staley",50,,0,50,,0,50,42,50,40,50,50,2,46.45,49.4,31,SIT
4943,"Sam Darnold",QB,SEA,LAC,"Brian Fleury","Chris O'Leary",50,,0,50,,0,49,48,49,46,41,32,2,47.26,49.1,32,SIT
3161,"Carson Wentz",QB,MIN,MIA,"Kevin O'Connell","Jeff Hafley",35,16.5,4,50,,0,48,35,48,48,32,80,21,49.53,46.5,33,SIT
2306,"Jameis Winston",QB,NYG,ARI,"Matt Nagy","Nick Rallis",50,,0,50,,0,54,16,54,52,14,89,6,46.88,45.1,34,SIT
4574,"Cooper Rush",QB,ATL,NO,"Tommy Rees","Brandon Staley",50,,0,50,,0,42,23,42,40,0,84,17,46.45,39.6,35,SIT
9229,"Anthony Richardson",QB,IND,WAS,"Shane Steichen","Daronte Jones",50,,0,50,,0,50,0,20,70,50,50,13,47.46,39,36,SIT
12470,"Riley Leonard",QB,IND,WAS,"Shane Steichen","Daronte Jones",50,,0,50,,0,50,0,20,70,50,50,25,47.46,38.4,37,SIT
7585,"Davis Mills",QB,HOU,DAL,"Nick Caley","Christian Parker",50,,0,50,,0,50,0,20,55,50,50,13,48.8,37.7,38,SIT
11557,"Joe Milton",QB,DAL,HOU,"Brian Schottenheimer","Matt Burke",50,,0,50,,0,50,0,20,50,50,50,5,46.82,37.5,39,SIT
11565,"J.J. McCarthy",QB,NYG,ARI,"Matt Nagy","Nick Rallis",50,,0,50,,0,50,0,20,52,50,50,13,46.88,37.3,40,SIT
4179,"Joshua Dobbs",QB,DET,CAR,"Drew Petzing","Ejiro Evero",51,20.29,2,50,,0,50,0,20,49,50,50,17,45.89,36.8,41,SIT
6011,"Gardner Minshew",QB,ARI,NYG,"Mike LaFleur","Dennard Wilson",50,,0,50,,0,50,0,20,41,50,50,17,55.53,36.7,42,SIT
5849,"Kyler Murray",QB,MIN,MIA,"Kevin O'Connell","Jeff Hafley",35,16.5,4,52,13.96,1,39,21,39,48,0,41,2,49.53,36.7,43,SIT
7591,"Justin Fields",QB,KC,LV,"Andy Reid","Rob Leonard",50,,0,50,,0,50,0,20,45,50,50,13,44.46,36.5,44,SIT
12510,"Jalen Milroe",QB,SEA,LAC,"Brian Fleury","Chris O'Leary",50,,0,50,,0,50,0,20,46,50,50,25,47.26,36.2,45,SIT
12500,"Quinn Ewers",QB,JAX,CIN,"Liam Coen","Al Golden",53,23.24,1,50,,0,50,0,20,44,50,50,25,45.77,36.1,46,SIT
7610,"Trey Lance",QB,LAC,SEA,"Mike McDaniel","Mike Macdonald",66,23.26,3,50,,0,50,0,20,29,50,50,13,41.47,35.8,47,SIT
6768,"Tua Tagovailoa",QB,ATL,NO,"Tommy Rees","Brandon Staley",50,,0,50,,0,50,0,20,40,50,50,21,46.45,35.8,48,SIT
11648,"Kedon Slovis",QB,GB,TB,"Matt LaFleur","Todd Bowles",48,18.78,2,50,,0,50,0,20,33,50,50,5,45.51,35.7,49,SIT
3976,"Mitchell Trubisky",QB,TEN,BAL,"Brian Daboll","Jesse Minter",50,,0,50,,0,50,0,20,35,50,50,17,49.21,35.7,50,SIT
12775,"Max Brosmer",QB,MIN,MIA,"Kevin O'Connell","Jeff Hafley",35,16.5,4,50,,0,50,0,20,48,50,50,25,49.53,35.6,51,SIT
6037,"Brett Rypien",QB,TB,GB,"Zac Robinson","Jonathan Gannon",50,,0,50,,0,50,0,20,33,50,50,9,42.76,35.4,52,SIT
260,"Josh Johnson",QB,CIN,JAX,"Zac Taylor","Anthony Campanile",58,30.78,1,50,,0,50,0,20,28,50,50,13,44.02,35.4,53,SIT
6136,"Jarrett Stidham",QB,DEN,SF,"Davis Webb","Raheem Morris",50,,0,50,,0,50,0,20,30,50,50,17,49.98,35.3,54,SIT
8002,"Shane Buechele",QB,BUF,NE,"Joe Brady","Zak Kuhr",50,,0,50,,0,50,0,20,28,50,50,5,43.5,35.2,55,SIT
19,"Joe Flacco",QB,CIN,JAX,"Zac Taylor","Anthony Campanile",58,30.78,1,50,,0,50,0,20,28,50,50,21,44.02,35,56,SIT
827,"Tyrod Taylor",QB,GB,TB,"Matt LaFleur","Todd Bowles",48,18.78,2,50,,0,50,0,20,33,50,50,21,45.51,34.9,57,SIT
12538,"Brady Cook",QB,MIA,MIN,"Bobby Slowik","Brian Flores",48,16.96,1,50,,0,50,0,20,34,50,50,17,38.35,34.7,58,SIT
7538,"Zach Wilson",QB,NO,ATL,"Kellen Moore","Jeff Ulbrich",25,14.27,3,50,,0,50,0,20,41,50,50,13,47.82,34.7,59,SIT
5127,"Kyle Allen",QB,BUF,NE,"Joe Brady","Zak Kuhr",50,,0,50,,0,50,0,20,28,50,50,17,43.5,34.6,60,SIT
7083,"Tyler Huntley",QB,BAL,TEN,"Declan Doyle","Robert Saleh",50,,0,50,,0,50,0,20,20,50,50,13,49,34.4,61,SIT
11562,"Spencer Rattler",QB,NO,ATL,"Kellen Moore","Jeff Ulbrich",25,14.27,3,50,,0,50,0,20,41,50,50,21,47.82,34.3,62,SIT
10866,"Aidan O'Connell",QB,LV,KC,"Klint Kubiak","Steve Spagnuolo",48,16.38,1,50,,0,50,0,20,21,50,50,43,50.75,33.1,63,SIT
13602,"Jack Strand",QB,ATL,NO,"Tommy Rees","Brandon Staley",50,,0,50,,0,35,12,35,40,0,50,38,46.45,32.4,64,SIT
11256,"Tyson Bagent",QB,CHI,NYJ,"Ben Johnson","Aaron Glenn",50,,0,50,,0,18,6,18,29,55,50,2,47.32,31.7,65,SIT
8160,"Kenny Pickett",QB,CAR,DET,"Brad Idzik","Kelvin Sheppard",50,,0,50,,0,3,3,3,80,0,54,13,45.96,25.8,66,SIT
11292,"Tommy DeVito",QB,NE,BUF,"Josh McDaniels","Jim Leonhard",50,,0,50,,0,12,4,12,49,0,50,13,41.66,25.3,67,SIT
10857,"Stetson Bennett",QB,LA,PHI,"Sean McVay","Vic Fangio",46,17.53,2,50,,0,8,4,8,46,0,50,13,50.99,24.2,68,SIT
4464,"Nick Mullens",QB,JAX,CIN,"Liam Coen","Al Golden",53,23.24,1,50,,0,6,0,6,44,0,50,9,45.77,22.9,69,SIT
13425,"Jalon Daniels",QB,TB,GB,"Zac Robinson","Jonathan Gannon",50,,0,50,,0,8,3,8,33,0,50,10,42.76,22.6,70,SIT
7527,"Mac Jones",QB,SF,DEN,"Kyle Shanahan","Vance Joseph",55,22.77,2,50,9.3,1,4,0,4,41,0,50,13,51.03,22.3,71,SIT
4972,"Mason Rudolph",QB,PIT,CLE,"Mike McCarthy","Mike Rutenberg",50,,0,50,,0,4,1,4,40,0,50,17,46.77,21.6,72,SIT
829,"Andy Dalton",QB,PHI,LAR,"Sean Mannion","Chris Shula",50,,0,50,,0,2,0,2,35,9,50,21,49.12,21.1,73,SIT
12524,"Shedeur Sanders",QB,CLE,PIT,"Todd Monken","Patrick Graham",49,18.38,1,51,12.26,1,2,0,2,29,9,50,25,40.61,19.8,74,SIT
9221,"Jahmyr Gibbs",RB,DET,CAR,"Drew Petzing","Ejiro Evero",66,32.05,2,50,,0,100,100,78,80,100,85,2,44.67,87.8,1,START
9509,"Bijan Robinson",RB,ATL,NO,"Tommy Rees","Brandon Staley",50,,0,51,10,2,95,77,63,71,92,77,2,50.49,74.6,2,START
3198,"Derrick Henry",RB,BAL,TEN,"Declan Doyle","Robert Saleh",50,,0,50,,0,83,75,69,48,100,83,6,47.06,71.4,3,START
6813,"Jonathan Taylor",RB,IND,WAS,"Shane Steichen","Daronte Jones",50,,0,50,,0,90,65,81,24,100,81,2,41.04,69.7,4,START
12527,"Ashton Jeanty",RB,LV,KC,"Klint Kubiak","Steve Spagnuolo",48,13.5,1,49,8.4,2,92,55,70,43,100,75,6,31.53,66.8,5,START
8151,"Kenneth Walker",RB,KC,LV,"Andy Reid","Rob Leonard",50,,0,50,,0,50,79,73,39,100,83,2,44.03,66.4,6,START
6790,"D'Andre Swift",RB,CHI,NYJ,"Ben Johnson","Aaron Glenn",50,,0,50,8.85,2,73,58,52,59,100,79,2,46.01,64.8,7,START
4034,"Christian McCaffrey",RB,SF,DEN,"Kyle Shanahan","Vance Joseph",67,32.4,2,79,20.1,3,60,58,45,74,67,82,6,46.67,63,8,START
8138,"James Cook",RB,BUF,NE,"Joe Brady","Zak Kuhr",50,,0,50,,0,77,52,64,49,75,82,2,47.83,63,9,START
13287,"Jeremiyah Love",RB,ARI,NYG,"Mike LaFleur","Dennard Wilson",50,,0,50,,0,62,42,54,54,75,67,10,45.32,62.1,10,START
7588,"Javonte Williams",RB,DAL,HOU,"Brian Schottenheimer","Matt Burke",50,,0,50,,0,64,50,62,20,92,80,2,40.23,61.4,11,START
4199,"Aaron Jones",RB,MIN,MIA,"Kevin O'Connell","Jeff Hafley",56,18.82,4,59,12.77,3,69,35,64,76,33,80,6,36.08,59.6,12,START
7594,"Chuba Hubbard",RB,CAR,DET,"Brad Idzik","Kelvin Sheppard",50,,0,50,,0,58,53,61,45,58,78,2,42.97,57.1,13,START
8150,"Kyren Williams",RB,LA,PHI,"Sean McVay","Vic Fangio",53,19.1,2,57,16.2,2,58,55,49,36,67,83,2,47.62,57.1,14,START
9224,"Chase Brown",RB,CIN,JAX,"Zac Taylor","Anthony Campanile",46,8.5,1,50,8.5,1,72,39,73,36,50,79,2,41.08,56.3,15,START
11584,"Bucky Irving",RB,TB,GB,"Zac Robinson","Jonathan Gannon",50,,0,50,,0,64,43,60,80,25,76,2,42.42,55.9,16,START
12481,"Cam Skattebo",RB,NYG,ARI,"Matt Nagy","Nick Rallis",50,,0,50,,0,67,36,55,39,75,86,6,42.38,55.5,17,START
12507,"Omarion Hampton",RB,LAC,SEA,"Mike McDaniel","Mike Macdonald",59,19.73,3,50,,0,62,35,61,34,83,70,6,35.09,54.8,18,START
12512,"Quinshon Judkins",RB,CLE,PIT,"Todd Monken","Patrick Graham",52,21.8,1,53,16.7,1,59,27,56,53,50,88,6,40.27,54.7,19,START
8155,"Breece Hall",RB,NYJ,CHI,"Frank Reich","Dennis Allen",50,,0,50,,0,71,42,61,47,67,71,73,40.03,54.1,20,START
12490,"Bhayshul Tuten",RB,JAX,CIN,"Liam Coen","Al Golden",58,33.6,1,53,15.4,1,56,41,51,45,50,89,6,43.66,53.3,21,START
5892,"David Montgomery",RB,HOU,DAL,"Nick Caley","Christian Parker",50,,0,50,,0,51,40,49,64,58,54,2,41.64,51.9,22,START
12533,"Jacory Croskey-Merritt",RB,WAS,IND,"David Blough","Lou Anarumo",50,,0,50,,0,58,24,49,72,42,76,6,45.15,50.3,23,START
8228,"Jaylen Warren",RB,PIT,CLE,"Mike McCarthy","Mike Rutenberg",50,,0,50,,0,60,42,56,37,17,79,2,39.54,49.7,24,START
5967,"Tony Pollard",RB,TEN,BAL,"Brian Daboll","Jesse Minter",50,,0,50,9.05,2,52,25,60,48,67,65,32,42.65,49.2,25,FLEX
11435,"Emanuel Wilson",RB,SEA,LAC,"Brian Fleury","Chris O'Leary",50,,0,50,,0,38,11,37,50,75,37,13,40.97,46.9,26,FLEX
8132,"Tyler Allgeier",RB,ARI,NYG,"Mike LaFleur","Dennard Wilson",50,,0,50,,0,37,18,29,54,33,57,13,45.32,46.9,27,FLEX
6806,"J.K. Dobbins",RB,DEN,SF,"Davis Webb","Raheem Morris",50,,0,50,,0,43,13,52,55,50,73,2,44.35,45.1,28,FLEX
4866,"Saquon Barkley",RB,PHI,LAR,"Sean Mannion","Chris Shula",50,,0,68,27.85,2,47,21,50,38,42,63,2,39.31,45.1,29,FLEX
12534,"Kyle Monangai",RB,CHI,NYJ,"Ben Johnson","Aaron Glenn",50,,0,50,,0,40,31,29,59,50,69,17,46.01,44.7,30,FLEX
12529,"TreVeyon Henderson",RB,NE,BUF,"Josh McDaniels","Jim Leonhard",50,,0,50,,0,44,26,44,70,13,65,6,41.2,43.9,31,FLEX
9220,"Evan Hull",RB,ARI,NYG,"Mike LaFleur","Dennard Wilson",50,,0,50,,0,50,0,20,54,50,50,5,45.32,43.7,32,FLEX
13286,"Jadarian Price",RB,SEA,LAC,"Brian Fleury","Chris O'Leary",50,,0,50,,0,41,18,35,50,25,75,10,40.97,43.2,33,FLEX
12495,"Ollie Gordon",RB,MIA,MIN,"Bobby Slowik","Brian Flores",50,17.2,1,50,,0,50,23,33,25,50,36,6,33.11,42.9,34,FLEX
7611,"Rhamondre Stevenson",RB,NE,BUF,"Josh McDaniels","Jim Leonhard",50,,0,50,,0,49,27,35,70,8,58,13,41.2,42.5,35,FLEX
8122,"Zonovan Knight",RB,ARI,NYG,"Mike LaFleur","Dennard Wilson",50,,0,50,,0,20,20,20,54,50,50,21,45.32,42,36,FLEX
4035,"Alvin Kamara",RB,NO,ATL,"Kellen Moore","Jeff Ulbrich",55,18.5,3,47,3.5,1,44,18,33,25,25,87,6,38.33,41.9,37,SIT
8136,"Rachaad White",RB,WAS,IND,"David Blough","Lou Anarumo",50,,0,48,5.3,1,36,30,23,72,33,73,43,45.15,41.4,38,SIT
12476,"Devin Neal",RB,MIN,MIA,"Kevin O'Connell","Jeff Hafley",56,18.82,4,50,,0,50,0,20,76,50,50,34,36.08,41.2,39,SIT
11581,"MarShawn Lloyd",RB,GB,TB,"Matt LaFleur","Todd Bowles",46,13.3,2,50,,0,34,18,47,39,50,66,2,33.1,41,40,SIT
12474,"Woody Marks",RB,HOU,DAL,"Nick Caley","Christian Parker",50,,0,50,,0,35,23,32,64,25,74,17,41.64,40.7,41,SIT
8154,"Brian Robinson",RB,ATL,NO,"Tommy Rees","Brandon Staley",50,,0,47,2.9,1,37,23,29,71,8,75,13,50.49,40.4,42,SIT
10223,"Eric Gray",RB,CLE,PIT,"Todd Monken","Patrick Graham",52,21.8,1,50,,0,50,0,20,53,50,50,5,40.27,40.4,43,SIT
9757,"Kendre Miller",RB,NO,ATL,"Kellen Moore","Jeff Ulbrich",55,18.5,3,50,,0,28,19,25,25,25,72,13,38.33,40.3,44,SIT
10219,"Chris Rodriguez",RB,JAX,CIN,"Liam Coen","Al Golden",58,33.6,1,50,,0,50,13,24,45,42,63,13,43.66,40.1,45,SIT
13047,"Jacardia Wright",RB,SEA,LAC,"Brian Fleury","Chris O'Leary",50,,0,50,,0,50,0,20,50,50,50,9,40.97,39.9,46,SIT
7608,"Khalil Herbert",RB,ATL,NO,"Tommy Rees","Brandon Staley",50,,0,50,,0,50,0,20,71,50,50,5,50.49,39.7,47,SIT
6659,"Craig Reynolds",RB,WAS,IND,"David Blough","Lou Anarumo",50,,0,50,,0,50,0,20,72,50,50,9,45.15,39.2,48,SIT
9506,"Sean Tucker",RB,TB,GB,"Zac Robinson","Jonathan Gannon",50,,0,50,,0,50,0,20,80,50,50,21,42.42,39.2,49,SIT
13414,"Kaelon Black",RB,SF,DEN,"Kyle Shanahan","Vance Joseph",67,32.4,2,50,,0,31,12,30,74,33,50,21,46.67,39.1,50,SIT
12048,"George Holani",RB,SEA,LAC,"Brian Fleury","Chris O'Leary",50,,0,50,,0,26,16,21,50,50,55,21,40.97,39,51,SIT
11588,"Jawhar Jordan",RB,HOU,DAL,"Nick Caley","Christian Parker",50,,0,50,,0,50,0,20,64,50,50,5,41.64,38.4,52,SIT
11299,"Zavier Scott",RB,CHI,NYJ,"Ben Johnson","Aaron Glenn",50,,0,50,,0,50,0,20,59,50,50,5,46.01,38.2,53,SIT
4663,"Austin Ekeler",RB,WAS,IND,"David Blough","Lou Anarumo",50,,0,50,,0,50,0,20,72,50,50,34,45.15,38,54,SIT
11729,"Sione Vaki",RB,DET,CAR,"Drew Petzing","Ejiro Evero",66,32.05,2,50,,0,14,10,10,80,8,60,13,44.67,38,55,SIT
8139,"Zamir White",RB,NO,ATL,"Kellen Moore","Jeff Ulbrich",55,18.5,3,50,,0,50,0,20,25,50,50,5,38.33,37.9,56,SIT
11576,"Braelon Allen",RB,NYJ,CHI,"Frank Reich","Dennis Allen",50,,0,50,,0,28,17,22,47,25,77,2,40.03,37.6,57,SIT
4718,"Dare Ogunbowale",RB,HOU,DAL,"Nick Caley","Christian Parker",50,,0,50,,0,50,0,20,64,50,50,34,41.64,37,58,SIT
12516,"Kalel Mullings",RB,TEN,BAL,"Brian Daboll","Jesse Minter",50,,0,50,,0,50,0,20,48,50,50,9,42.65,36.8,59,SIT
11586,"Blake Corum",RB,LA,PHI,"Sean McVay","Vic Fangio",53,19.1,2,44,2.9,2,38,19,34,36,0,75,13,47.62,36.2,60,SIT
12897,"Nate Carter",RB,KC,LV,"Andy Reid","Rob Leonard",50,,0,50,,0,50,0,20,39,50,50,9,44.03,36.1,61,SIT
12738,"Phil Mafah",RB,NYG,ARI,"Matt Nagy","Nick Rallis",50,,0,50,,0,50,0,20,39,50,50,9,42.38,35.9,62,SIT
8129,"Dameon Pierce",RB,PHI,LAR,"Sean Mannion","Chris Shula",50,,0,50,,0,50,0,20,38,50,50,5,39.31,35.8,63,SIT
7607,"Michael Carter",RB,TEN,BAL,"Brian Daboll","Jesse Minter",50,,0,50,,0,50,0,20,48,50,50,30,42.65,35.8,64,SIT
12457,"Jaydon Blue",RB,PHI,LAR,"Sean Mannion","Chris Shula",50,,0,50,,0,50,0,20,38,50,50,9,39.31,35.6,65,SIT
7720,"Kene Nwangwu",RB,NYJ,CHI,"Frank Reich","Dennis Allen",50,,0,50,,0,50,0,20,47,50,50,60,40.03,35.6,66,SIT
11384,"Owen Wright",RB,LV,KC,"Klint Kubiak","Steve Spagnuolo",48,13.5,1,50,,0,50,0,20,43,50,50,5,31.53,35.6,67,SIT
12928,"Amar Johnson",RB,LAC,SEA,"Mike McDaniel","Mike Macdonald",59,19.73,3,50,,0,50,0,20,34,50,50,9,35.09,35.5,68,SIT
11649,"Kendall Milton",RB,CIN,JAX,"Zac Taylor","Anthony Campanile",46,8.5,1,50,,0,50,0,20,36,50,50,5,41.08,35.5,69,SIT
12489,"RJ Harvey",RB,DEN,SF,"Davis Webb","Raheem Morris",50,,0,50,,0,28,28,14,55,0,80,17,44.35,35.4,70,SIT
7021,"Rico Dowdle",RB,PIT,CLE,"Mike McCarthy","Mike Rutenberg",50,,0,50,,0,38,16,34,37,13,78,43,39.54,35.3,71,SIT
13305,"Mike Washington",RB,LV,KC,"Klint Kubiak","Steve Spagnuolo",48,13.5,1,50,,0,50,16,16,43,17,57,21,31.53,34.9,72,SIT
12472,"Raheim Sanders",RB,CLE,PIT,"Todd Monken","Patrick Graham",52,21.8,1,50,,0,15,17,6,53,0,63,17,40.27,34.6,73,SIT
8207,"Tyler Goodson",RB,DAL,HOU,"Brian Schottenheimer","Matt Burke",50,,0,41,0.15,2,24,8,20,20,25,50,13,40.23,34.2,74,SIT
7567,"Kenny Gainwell",RB,TB,GB,"Zac Robinson","Jonathan Gannon",50,,0,50,,0,23,10,16,80,8,77,13,42.42,34.1,75,SIT
5850,"Josh Jacobs",RB,GB,TB,"Matt LaFleur","Todd Bowles",46,13.3,2,50,,0,50,0,20,39,50,50,30,33.1,34,76,SIT
8181,"Connor Heyward",RB,LV,KC,"Klint Kubiak","Steve Spagnuolo",48,13.5,1,50,,0,20,20,20,43,50,50,21,31.53,33.9,77,SIT
12471,"DJ Giddens",RB,IND,WAS,"Shane Steichen","Daronte Jones",50,,0,50,,0,50,0,20,24,50,50,25,41.04,33.7,78,SIT
13405,"Kaytron Allen",RB,WAS,IND,"David Blough","Lou Anarumo",50,,0,50,,0,16,6,14,72,38,83,29,45.15,33.3,79,SIT
9511,"Keaton Mitchell",RB,LAC,SEA,"Mike McDaniel","Mike Macdonald",59,19.73,3,50,,0,24,19,21,34,25,52,13,35.09,32.8,80,SIT
7528,"Najee Harris",RB,NYG,ARI,"Matt Nagy","Nick Rallis",50,,0,50,9.7,1,23,9,23,39,38,55,13,42.38,32.7,81,SIT
6130,"Devin Singletary",RB,NYG,ARI,"Matt Nagy","Nick Rallis",50,,0,54,19.8,1,24,22,15,39,13,55,21,42.38,31.9,82,SIT
13347,"Demond Claiborne",RB,MIN,MIA,"Kevin O'Connell","Jeff Hafley",56,18.82,4,50,,0,7,2,7,76,0,38,21,36.08,31.3,83,SIT
9510,"Lew Nichols",RB,PIT,CLE,"Mike McCarthy","Mike Rutenberg",50,,0,50,,0,50,0,4,37,25,50,5,39.54,31.2,84,SIT
11573,"Frank Gore",RB,BUF,NE,"Joe Brady","Zak Kuhr",50,,0,50,,0,50,1,5,49,0,50,5,47.83,30.9,85,SIT
13337,"Emmett Johnson",RB,KC,LV,"Andy Reid","Rob Leonard",50,,0,50,,0,23,16,17,39,8,58,21,44.03,30.4,86,SIT
5995,"Justice Hill",RB,BAL,TEN,"Declan Doyle","Robert Saleh",50,,0,50,,0,19,11,13,48,0,84,13,47.06,30.2,87,SIT
9508,"Tyjae Spears",RB,TEN,BAL,"Brian Daboll","Jesse Minter",50,,0,49,8.65,2,22,14,20,48,8,51,43,42.65,29.5,88,SIT
4147,"Samaje Perine",RB,CIN,JAX,"Zac Taylor","Anthony Campanile",46,8.5,1,46,0,1,20,14,15,36,17,62,17,41.08,29.4,89,SIT
12544,"LeQuint Allen",RB,JAX,CIN,"Liam Coen","Al Golden",58,33.6,1,50,,0,50,4,0,45,0,47,34,43.66,29.2,90,SIT
12939,"Anthony Tyus",RB,CAR,DET,"Brad Idzik","Kelvin Sheppard",50,,0,50,,0,50,0,0,45,0,50,9,42.97,29.1,91,SIT
6039,"Ty Johnson",RB,BUF,NE,"Joe Brady","Zak Kuhr",50,,0,50,,0,14,27,0,49,0,50,13,47.83,29.1,92,SIT
11370,"Chris Brooks",RB,GB,TB,"Matt LaFleur","Todd Bowles",46,13.3,2,50,,0,17,8,19,39,33,52,21,33.1,29,93,SIT
12467,"Jordan James",RB,SF,DEN,"Kyle Shanahan","Vance Joseph",67,32.4,2,50,,0,14,4,15,74,0,50,34,46.67,28.9,94,SIT
9225,"Tank Bigsby",RB,PHI,LAR,"Sean Mannion","Chris Shula",50,,0,46,0,1,20,14,15,38,25,30,13,39.31,28.9,95,SIT
12491,"Corey Kiner",RB,NE,BUF,"Josh McDaniels","Jim Leonhard",50,,0,50,,0,17,5,17,70,0,47,25,41.2,28.3,96,SIT
11577,"Will Shipley",RB,PHI,LAR,"Sean Mannion","Chris Shula",50,,0,50,,0,16,9,10,38,33,46,21,39.31,28,97,SIT
11237,"Jacob Saylors",RB,DET,CAR,"Drew Petzing","Ejiro Evero",66,32.05,2,50,,0,0,0,0,80,0,54,21,44.67,27.8,98,SIT
13288,"Nicholas Singleton",RB,TEN,BAL,"Brian Daboll","Jesse Minter",50,,0,50,,0,14,3,14,48,25,50,29,42.65,27.8,99,SIT
11199,"Emari Demercado",RB,DAL,HOU,"Brian Schottenheimer","Matt Burke",50,,0,47,2.1,1,9,2,13,20,13,86,21,40.23,27.4,100,SIT
6931,"DeeJay Dallas",RB,MIN,MIA,"Kevin O'Connell","Jeff Hafley",56,18.82,4,46,0,1,6,4,4,76,0,36,21,36.08,27.3,101,SIT
6828,"AJ Dillon",RB,CAR,DET,"Brad Idzik","Kelvin Sheppard",50,,0,50,,0,15,5,18,45,0,59,13,42.97,27.1,102,SIT
11280,"Brady Russell",RB,SEA,LAC,"Brian Fleury","Chris O'Leary",50,,0,50,,0,5,10,0,50,0,71,30,40.97,27.1,103,SIT
11655,"Tyrone Tracy",RB,NYG,ARI,"Matt Nagy","Nick Rallis",50,,0,50,,0,50,2,3,39,0,28,30,42.38,27.1,104,SIT
11643,"Jaylen Wright",RB,MIA,MIN,"Bobby Slowik","Brian Flores",50,17.2,1,50,,0,5,1,6,25,25,53,43,33.11,27,105,SIT
8208,"Tyler Badie",RB,DEN,SF,"Davis Webb","Raheem Morris",50,,0,50,,0,10,11,4,55,0,74,21,44.35,27,106,SIT
2359,"Ameer Abdullah",RB,JAX,CIN,"Liam Coen","Al Golden",58,33.6,1,50,,0,15,7,12,45,0,65,29,43.66,26.8,107,SIT
13516,"Max Bredeson",RB,MIN,MIA,"Kevin O'Connell","Jeff Hafley",56,18.82,4,50,,0,0,0,0,76,0,50,38,36.08,26.7,108,SIT
12504,"Kaleb Johnson",RB,GB,TB,"Matt LaFleur","Todd Bowles",46,13.3,2,50,,0,17,6,30,39,0,37,17,33.1,26.4,109,SIT
12969,"Lan Larison",RB,NE,BUF,"Josh McDaniels","Jim Leonhard",50,,0,50,,0,7,9,0,70,0,50,9,41.2,25.9,110,SIT
11439,"Jaleel McLaughlin",RB,CLE,PIT,"Todd Monken","Patrick Graham",52,21.8,1,39,5.15,4,7,1,4,53,0,50,21,40.27,25.1,111,SIT
12787,"Josh Williams",RB,TB,GB,"Zac Robinson","Jonathan Gannon",50,,0,50,,0,0,0,0,80,0,50,9,42.42,23.9,112,SIT
7204,"Reggie Gilliam",RB,NE,BUF,"Josh McDaniels","Jim Leonhard",50,,0,50,,0,7,4,0,70,0,50,30,41.2,23.9,113,SIT
13277,"CJ Donaldson",RB,NO,ATL,"Kellen Moore","Jeff Ulbrich",55,18.5,3,50,,0,7,2,5,25,8,42,38,38.33,23.1,114,SIT
6012,"Travis Homer",RB,PIT,CLE,"Mike McCarthy","Mike Rutenberg",50,,0,50,,0,5,2,7,37,13,51,30,39.54,22.3,115,SIT
11571,"Isaiah Davis",RB,NYJ,CHI,"Frank Reich","Dennis Allen",50,,0,50,,0,0,0,0,47,0,54,21,40.03,21.9,116,SIT
12171,"British Brooks",RB,HOU,DAL,"Nick Caley","Christian Parker",50,,0,50,,0,0,0,0,64,0,50,21,41.64,21.8,117,SIT
11647,"Kimani Vidal",RB,LAC,SEA,"Mike McDaniel","Mike Macdonald",59,19.73,3,50,,0,7,4,2,34,13,29,21,35.09,21.5,118,SIT
14026,"DJ Herman",RB,MIA,MIN,"Bobby Slowik","Brian Flores",50,17.2,1,50,,0,5,4,0,25,0,34,29,33.11,21,119,SIT
11570,"Rasheen Ali",RB,BAL,TEN,"Declan Doyle","Robert Saleh",50,,0,50,,0,0,0,0,48,0,54,21,47.06,21,120,SIT
13424,"Seth McGowan",RB,IND,WAS,"Shane Steichen","Daronte Jones",50,,0,50,,0,8,2,6,24,8,39,21,41.04,20.8,121,SIT
11575,"Ray Davis",RB,BUF,NE,"Joe Brady","Zak Kuhr",50,,0,50,,0,2,0,2,49,0,29,21,47.83,20.3,122,SIT
10235,"Roschon Johnson",RB,CHI,NYJ,"Ben Johnson","Aaron Glenn",50,,0,28,0.97,4,0,0,0,59,0,50,21,46.01,20.2,123,SIT
13423,"Eli Heidenreich",RB,PIT,CLE,"Mike McCarthy","Mike Rutenberg",50,,0,50,,0,0,0,0,37,0,52,38,39.54,19.6,124,SIT
8254,"Julius Chestnut",RB,TEN,BAL,"Brian Daboll","Jesse Minter",50,,0,41,0,2,0,0,0,48,0,53,30,42.65,19.6,125,SIT
11273,"Ben VanSumeren",RB,KC,LV,"Andy Reid","Rob Leonard",50,,0,50,,0,0,0,0,39,0,53,30,44.03,19.4,126,SIT
12455,"Brashard Smith",RB,KC,LV,"Andy Reid","Rob Leonard",50,,0,50,,0,2,2,0,39,0,34,25,44.03,19.3,127,SIT
13315,"Dean Connors",RB,LA,PHI,"Sean McVay","Vic Fangio",53,19.1,2,50,,0,0,0,0,36,0,50,38,47.62,19.1,128,SIT
12543,"Tahj Brooks",RB,CIN,JAX,"Zac Taylor","Anthony Campanile",46,8.5,1,46,0,1,0,0,0,36,0,54,25,41.08,18.7,129,SIT
11574,"Dylan Laube",RB,LV,KC,"Klint Kubiak","Steve Spagnuolo",48,13.5,1,26,0.47,3,0,0,0,43,0,53,30,31.53,17.2,130,SIT
9488,"Jaxon Smith-Njigba",WR,SEA,LAC,"Brian Fleury","Chris O'Leary",50,,0,50,,0,100,100,40,46,100,86,2,47.26,75.5,1,START
8144,"Chris Olave",WR,NO,ATL,"Kellen Moore","Jeff Ulbrich",43,27.33,3,51,16,1,100,68,30,60,67,89,2,47.82,65.6,2,START
7547,"Amon-Ra St. Brown",WR,DET,CAR,"Drew Petzing","Ejiro Evero",41,16.45,2,50,,0,97,73,32,21,100,77,2,45.89,64.9,3,START
8167,"Christian Watson",WR,GB,TB,"Matt LaFleur","Todd Bowles",58,45,2,50,,0,81,67,26,27,100,78,2,45.51,61.8,4,START
7569,"Nico Collins",WR,HOU,DAL,"Nick Caley","Christian Parker",50,,0,50,,0,92,61,27,39,100,50,32,48.8,60.5,5,START
6786,"CeeDee Lamb",WR,DAL,HOU,"Brian Schottenheimer","Matt Burke",50,,0,50,,0,72,66,25,63,67,82,2,46.82,60.1,6,START
2133,"Davante Adams",WR,LA,PHI,"Sean McVay","Vic Fangio",61,49.55,2,54,17.9,2,81,63,27,53,33,62,21,50.99,57.9,7,START
10232,"Michael Wilson",WR,ARI,NYG,"Mike LaFleur","Dennard Wilson",50,,0,47,3.6,1,86,39,27,53,83,57,2,55.53,56.7,8,START
7564,"Ja'Marr Chase",WR,CIN,JAX,"Zac Taylor","Anthony Campanile",58,61.6,1,58,36.5,1,69,52,24,42,67,60,2,44.02,54.2,9,START
12501,"Matthew Golden",WR,GB,TB,"Matt LaFleur","Todd Bowles",58,45,2,50,,0,83,44,25,27,67,75,17,45.51,53.4,10,START
9997,"Zay Flowers",WR,BAL,TEN,"Declan Doyle","Robert Saleh",50,,0,50,,0,54,60,28,46,50,86,2,49,53.4,11,START
9500,"Josh Downs",WR,IND,WAS,"Shane Steichen","Daronte Jones",50,,0,50,,0,67,31,25,80,67,70,2,47.46,53,12,START
9493,"Puka Nacua",WR,LA,PHI,"Sean McVay","Vic Fangio",61,49.55,2,57,21.75,2,75,36,33,53,50,50,32,50.99,52.8,13,START
8146,"Garrett Wilson",WR,NYJ,CHI,"Frank Reich","Dennis Allen",50,,0,50,,0,75,55,29,32,33,75,2,46.29,52.4,14,START
11646,"Jalen Coker",WR,CAR,DET,"Brad Idzik","Kelvin Sheppard",50,,0,50,,0,61,50,21,61,83,51,43,45.96,52,15,START
7525,"DeVonta Smith",WR,PHI,LAR,"Sean Mannion","Chris Shula",50,,0,53,20,1,75,47,33,37,33,69,2,49.12,51.8,16,START
9487,"Parker Washington",WR,JAX,CIN,"Liam Coen","Al Golden",52,39.1,1,50,12.6,1,64,47,30,40,50,76,2,45.77,51.5,17,START
2449,"Stefon Diggs",WR,WAS,IND,"David Blough","Lou Anarumo",50,,0,53,20.6,1,61,43,24,51,67,74,17,49.94,51.5,18,START
12526,"Tetairoa McMillan",WR,CAR,DET,"Brad Idzik","Kelvin Sheppard",50,,0,50,,0,64,30,22,61,83,67,6,45.96,51.1,19,START
8137,"George Pickens",WR,DAL,HOU,"Brian Schottenheimer","Matt Burke",50,,0,50,,0,69,30,24,63,50,75,13,46.82,49.6,20,START
12519,"Luther Burden",WR,CHI,NYJ,"Ben Johnson","Aaron Glenn",50,,0,50,,0,50,36,25,35,100,68,17,47.32,49.3,21,START
11834,"Devaughn Vele",WR,NO,ATL,"Kellen Moore","Jeff Ulbrich",43,27.33,3,48,6.7,1,61,37,18,60,50,75,13,47.82,48,22,START
3634,"Kalif Raymond",WR,CHI,NYJ,"Ben Johnson","Aaron Glenn",50,,0,50,,0,58,45,24,35,50,72,25,47.32,47.5,23,START
1479,"Keenan Allen",WR,IND,WAS,"Shane Steichen","Daronte Jones",50,,0,50,,0,56,28,21,80,50,61,21,47.46,47,24,START
11610,"Malik Washington",WR,MIA,MIN,"Bobby Slowik","Brian Flores",54,47.52,1,50,,0,72,27,27,53,17,84,2,38.35,46.6,25,FLEX
6801,"Tee Higgins",WR,CIN,JAX,"Zac Taylor","Anthony Campanile",58,61.6,1,51,14.6,1,64,43,23,42,17,74,13,44.02,46.6,26,FLEX
12514,"Emeka Egbuka",WR,TB,GB,"Zac Robinson","Jonathan Gannon",50,,0,50,,0,58,32,21,50,33,87,6,42.76,45.6,27,FLEX
5927,"Terry McLaurin",WR,WAS,IND,"David Blough","Lou Anarumo",50,,0,53,20,1,61,29,23,51,33,59,6,49.94,45,28,FLEX
6794,"Justin Jefferson",WR,MIN,MIA,"Kevin O'Connell","Jeff Hafley",56,35.35,4,58,16.23,4,47,41,26,24,67,44,32,49.53,44.9,29,FLEX
5846,"DK Metcalf",WR,PIT,CLE,"Mike McCarthy","Mike Rutenberg",50,,0,50,,0,67,26,22,53,17,78,2,46.77,44.8,30,FLEX
11632,"Malik Nabers",WR,NYG,ARI,"Matt Nagy","Nick Rallis",50,,0,50,,0,53,21,24,61,50,60,2,46.88,44.5,31,FLEX
13346,"Denzel Boston",WR,CLE,PIT,"Todd Monken","Patrick Graham",50,31.4,1,50,,0,42,39,18,33,67,71,10,40.61,44.3,32,FLEX
10229,"Rashee Rice",WR,KC,LV,"Andy Reid","Rob Leonard",50,,0,50,,0,47,37,20,22,67,65,2,44.46,44.3,33,FLEX
9486,"Dontayvion Wicks",WR,PHI,LAR,"Sean Mannion","Chris Shula",50,,0,47,4,1,42,32,19,37,67,79,13,49.12,44.1,34,FLEX
11783,"Ryan Flournoy",WR,DAL,HOU,"Brian Schottenheimer","Matt Burke",50,,0,50,,0,50,15,18,63,67,76,21,46.82,43.7,35,FLEX
4177,"Mack Hollins",WR,NE,BUF,"Josh McDaniels","Jim Leonhard",50,,0,50,,0,44,27,19,60,67,55,21,41.66,43.5,36,FLEX
13279,"Carnell Tate",WR,TEN,BAL,"Brian Daboll","Jesse Minter",50,,0,50,,0,56,24,26,54,17,78,10,49.21,43,37,SIT
8112,"Drake London",WR,ATL,NO,"Tommy Rees","Brandon Staley",50,,0,52,17.8,1,58,41,27,36,0,57,2,46.45,42.8,38,SIT
8126,"Wan'Dale Robinson",WR,TEN,BAL,"Brian Daboll","Jesse Minter",50,,0,47,4.4,1,50,28,20,54,50,42,13,49.21,42.7,39,SIT
5872,"Deebo Samuel",WR,SF,DEN,"Kyle Shanahan","Vance Joseph",47,27.35,2,50,,0,50,38,14,32,50,56,17,51.03,42.6,40,SIT
4983,"DJ Moore",WR,BUF,NE,"Joe Brady","Zak Kuhr",50,,0,50,,0,53,32,22,46,33,40,2,43.5,42.2,41,SIT
5045,"Courtland Sutton",WR,DEN,SF,"Davis Webb","Raheem Morris",50,,0,50,11.4,1,44,16,18,34,83,75,17,49.98,42.1,42,SIT
13298,"KC Concepcion",WR,CLE,PIT,"Todd Monken","Patrick Graham",50,31.4,1,50,,0,67,20,25,33,33,75,21,40.61,42.1,43,SIT
10218,"Xavier Hutchinson",WR,HOU,DAL,"Nick Caley","Christian Parker",50,,0,50,,0,64,21,19,39,17,85,13,48.8,41.6,44,SIT
11635,"Ladd McConkey",WR,LAC,SEA,"Mike McDaniel","Mike Macdonald",74,45.7,3,50,,0,42,35,18,23,33,68,2,41.47,41.2,45,SIT
8134,"Khalil Shakir",WR,BUF,NE,"Joe Brady","Zak Kuhr",50,,0,50,,0,42,17,18,46,67,66,13,43.5,40.8,46,SIT
7496,"Nick Westbrook-Ikhine",WR,IND,WAS,"Shane Steichen","Daronte Jones",50,,0,50,,0,50,0,20,80,50,50,5,47.46,40.3,47,SIT
7526,"Jaylen Waddle",WR,DEN,SF,"Davis Webb","Raheem Morris",50,,0,50,,0,58,26,23,34,33,46,32,49.98,40.2,48,SIT
6386,"Alex Bachman",WR,LA,PHI,"Sean McVay","Vic Fangio",61,49.55,2,50,,0,50,0,20,53,50,50,9,50.99,40.1,49,SIT
2216,"Mike Evans",WR,SF,DEN,"Kyle Shanahan","Vance Joseph",47,27.35,2,45,4.8,2,44,36,21,32,33,71,40,51.03,40,50,SIT
12509,"Tre' Harris",WR,LAC,SEA,"Mike McDaniel","Mike Macdonald",74,45.7,3,50,,0,44,24,19,23,50,65,25,41.47,39.8,51,SIT
12499,"Elic Ayomanor",WR,TEN,BAL,"Brian Daboll","Jesse Minter",50,,0,49,7.6,1,25,18,12,54,83,73,25,49.21,39.7,52,SIT
11625,"Adonai Mitchell",WR,NYJ,CHI,"Frank Reich","Dennis Allen",50,,0,50,,0,63,31,23,32,25,57,73,46.29,39.6,53,SIT
6149,"Darius Slayton",WR,IND,WAS,"Shane Steichen","Daronte Jones",50,,0,50,,0,50,0,20,80,50,50,21,47.46,39.5,54,SIT
11630,"Roman Wilson",WR,PIT,CLE,"Mike McCarthy","Mike Rutenberg",50,,0,50,,0,50,27,17,53,0,80,21,46.77,39.1,55,SIT
11624,"Xavier Worthy",WR,KC,LV,"Andy Reid","Rob Leonard",50,,0,50,,0,42,21,16,22,67,57,13,44.46,38.7,56,SIT
13317,"Ted Hurst",WR,TB,GB,"Zac Robinson","Jonathan Gannon",50,,0,50,,0,50,21,14,50,33,62,29,42.76,38.6,57,SIT
9497,"Jalin Hyatt",WR,NYG,ARI,"Matt Nagy","Nick Rallis",50,,0,50,,0,50,0,20,61,50,50,5,46.88,38.5,58,SIT
11806,"Casey Washington",WR,CAR,DET,"Brad Idzik","Kelvin Sheppard",50,,0,50,,0,50,0,20,61,50,50,5,45.96,38.4,59,SIT
12888,"Dalen Cambre",WR,NYG,ARI,"Matt Nagy","Nick Rallis",50,,0,50,,0,50,0,20,61,50,50,9,46.88,38.3,60,SIT
10444,"Cedric Tillman",WR,NO,ATL,"Kellen Moore","Jeff Ulbrich",43,27.33,3,50,,0,50,0,20,60,50,50,5,47.82,38,61,SIT
11506,"Jalen Moreno-Cropper",WR,NO,ATL,"Kellen Moore","Jeff Ulbrich",43,27.33,3,50,,0,50,0,20,60,50,50,5,47.82,38,62,SIT
12520,"Xavier Restrepo",WR,TEN,BAL,"Brian Daboll","Jesse Minter",50,,0,50,,0,50,0,20,54,50,50,9,49.21,37.8,63,SIT
13296,"Caleb Douglas",WR,MIA,MIN,"Bobby Slowik","Brian Flores",54,47.52,1,50,,0,42,26,19,53,25,54,51,38.35,37.7,64,SIT
6920,"Isaiah Hodgins",WR,PIT,CLE,"Mike McCarthy","Mike Rutenberg",50,,0,50,,0,50,0,20,53,50,50,5,46.77,37.7,65,SIT
11620,"Rome Odunze",WR,CHI,NYJ,"Ben Johnson","Aaron Glenn",50,,0,47,8.1,2,36,21,14,35,33,87,2,47.32,37.6,66,SIT
6853,"Van Jefferson",WR,WAS,IND,"David Blough","Lou Anarumo",50,,0,50,,0,50,0,20,51,50,50,9,49.94,37.6,67,SIT
5947,"Jakobi Meyers",WR,JAX,CIN,"Liam Coen","Al Golden",52,39.1,1,50,,0,33,34,14,40,33,42,13,45.77,37.5,68,SIT
10228,"Charlie Jones",WR,NYG,ARI,"Matt Nagy","Nick Rallis",50,,0,50,,0,50,0,20,61,50,50,30,46.88,37.3,69,SIT
4037,"Chris Godwin",WR,TB,GB,"Zac Robinson","Jonathan Gannon",50,,0,50,,0,50,22,12,50,0,84,17,42.76,37.2,70,SIT
11257,"Shedrick Jackson",WR,BAL,TEN,"Declan Doyle","Robert Saleh",50,,0,50,,0,50,0,20,46,50,50,5,49,37.2,71,SIT
10213,"Tre Tucker",WR,LV,KC,"Klint Kubiak","Steve Spagnuolo",48,22.8,1,42,8.22,4,42,34,17,20,17,62,2,50.75,37.2,72,SIT
8223,"Velus Jones",WR,SEA,LAC,"Brian Fleury","Chris O'Leary",50,,0,50,,0,50,0,20,46,50,50,5,47.26,37.1,73,SIT
13101,"Gage Larvadain",WR,BAL,TEN,"Declan Doyle","Robert Saleh",50,,0,50,,0,50,0,20,46,50,50,9,49,37,74,SIT
4454,"Kendrick Bourne",WR,ARI,NYG,"Mike LaFleur","Dennard Wilson",50,,0,45,5.9,2,39,22,13,53,33,45,25,55.53,36.9,75,SIT
7571,"Rashod Bateman",WR,BAL,TEN,"Declan Doyle","Robert Saleh",50,,0,50,,0,36,26,17,46,33,33,13,49,36.9,76,SIT
5154,"Trent Sherfield",WR,BUF,NE,"Joe Brady","Zak Kuhr",50,,0,50,,0,50,0,20,46,50,50,9,43.5,36.7,77,SIT
7746,"Austin Trammell",WR,JAX,CIN,"Liam Coen","Al Golden",52,39.1,1,50,,0,50,0,20,40,50,50,5,45.77,36.6,78,SIT
8013,"Tim Jones",WR,JAX,CIN,"Liam Coen","Al Golden",52,39.1,1,50,,0,50,0,20,40,50,50,5,45.77,36.6,79,SIT
13301,"Antonio Williams",WR,WAS,IND,"David Blough","Lou Anarumo",50,,0,50,,0,31,24,12,51,33,65,29,49.94,36.5,80,SIT
11306,"Xavier Gipson",WR,PHI,LAR,"Sean Mannion","Chris Shula",50,,0,50,,0,50,0,20,37,50,50,5,49.12,36.4,81,SIT
8117,"Jalen Tolbert",WR,MIA,MIN,"Bobby Slowik","Brian Flores",54,47.52,1,50,,0,50,0,20,53,50,50,30,38.35,36.2,82,SIT
8076,"Michael Bandy",WR,DEN,SF,"Davis Webb","Raheem Morris",50,,0,50,,0,50,0,20,34,50,50,5,49.98,36.2,83,SIT
11474,"Dylan Drummond",WR,ATL,NO,"Tommy Rees","Brandon Staley",50,,0,50,,0,50,0,20,36,50,50,5,46.45,36.1,84,SIT
11210,"Malik Heath",WR,ATL,NO,"Tommy Rees","Brandon Staley",50,,0,50,,0,50,0,20,36,50,50,5,46.45,36.1,85,SIT
9756,"Jordan Addison",WR,MIN,MIA,"Kevin O'Connell","Jeff Hafley",56,35.35,4,47,10.9,4,44,23,24,24,17,44,13,49.53,35.9,86,SIT
11068,"Mitchell Tinsley",WR,CIN,JAX,"Zac Taylor","Anthony Campanile",58,61.6,1,50,,0,50,0,20,42,50,50,30,44.02,35.9,87,SIT
8121,"Romeo Doubs",WR,NE,BUF,"Josh McDaniels","Jim Leonhard",50,,0,50,,0,31,20,14,60,17,64,2,41.66,35.9,88,SIT
12860,"Theo Wease",WR,LAC,SEA,"Mike McDaniel","Mike Macdonald",74,45.7,3,50,,0,50,0,20,23,50,50,9,41.47,35.9,89,SIT
4992,"Dante Pettis",WR,SF,DEN,"Kyle Shanahan","Vance Joseph",47,27.35,2,50,,0,50,0,20,32,50,50,9,51.03,35.7,90,SIT
6960,"Tyler Johnson",WR,NYJ,CHI,"Frank Reich","Dennis Allen",50,,0,50,,0,50,0,20,32,50,50,5,46.29,35.7,91,SIT
2197,"Brandin Cooks",WR,SF,DEN,"Kyle Shanahan","Vance Joseph",47,27.35,2,50,,0,50,0,20,32,50,50,13,51.03,35.5,92,SIT
9754,"Quentin Johnston",WR,LAC,SEA,"Mike McDaniel","Mike Macdonald",74,45.7,3,46,1.7,1,50,13,21,23,0,81,13,41.47,35.4,93,SIT
7596,"Elijah Moore",WR,PHI,LAR,"Sean Mannion","Chris Shula",50,,0,50,,0,50,0,20,37,50,50,30,49.12,35.2,94,SIT
9501,"DeMario Douglas",WR,NE,BUF,"Josh McDaniels","Jim Leonhard",50,,0,50,,0,39,13,16,60,17,61,21,41.66,35.1,95,SIT
8148,"Jameson Williams",WR,DET,CAR,"Drew Petzing","Ejiro Evero",41,16.45,2,47,2.2,1,47,22,16,21,17,71,13,45.89,35.1,96,SIT
8253,"Deven Thompkins",WR,LV,KC,"Klint Kubiak","Steve Spagnuolo",48,22.8,1,50,,0,50,0,20,20,50,50,5,50.75,34.8,97,SIT
13274,"Germie Bernard",WR,PIT,CLE,"Mike McCarthy","Mike Rutenberg",50,,0,50,,0,38,14,12,53,25,38,38,46.77,34.8,98,SIT
12718,"Konata Mumpfield",WR,LA,PHI,"Sean McVay","Vic Fangio",61,49.55,2,50,,0,31,21,9,53,17,32,25,50.99,34.8,99,SIT
8147,"John Metchie",WR,CAR,DET,"Brad Idzik","Kelvin Sheppard",50,,0,50,,0,50,14,6,61,25,28,30,45.96,34.6,100,SIT
11911,"Jeshaun Jones",WR,MIN,MIA,"Kevin O'Connell","Jeff Hafley",56,35.35,4,50,,0,50,0,20,24,50,50,30,49.53,34.5,101,SIT
12542,"Efton Chism",WR,NE,BUF,"Josh McDaniels","Jim Leonhard",50,,0,50,,0,50,4,6,60,25,69,34,41.66,34.3,102,SIT
12732,"Dominic Lovett",WR,DET,CAR,"Drew Petzing","Ejiro Evero",41,16.45,2,50,,0,50,0,20,21,50,50,9,45.89,33.9,103,SIT
11628,"Marvin Harrison",WR,ARI,NYG,"Mike LaFleur","Dennard Wilson",50,,0,50,,0,50,11,7,53,0,48,13,55.53,33.6,104,SIT
13285,"Malachi Fields",WR,NYG,ARI,"Matt Nagy","Nick Rallis",50,,0,50,,0,33,13,14,61,0,76,21,46.88,33.5,105,SIT
6819,"Michael Pittman",WR,PIT,CLE,"Mike McCarthy","Mike Rutenberg",50,,0,50,,0,33,18,12,53,0,69,13,46.77,33.5,106,SIT
4039,"Cooper Kupp",WR,SEA,LAC,"Brian Fleury","Chris O'Leary",50,,0,50,,0,28,23,10,46,17,60,29,47.26,33.1,107,SIT
12492,"Pat Bryant",WR,DEN,SF,"Davis Webb","Raheem Morris",50,,0,50,,0,28,21,11,34,33,43,25,49.98,32.6,108,SIT
7039,"Cody White",WR,LV,KC,"Klint Kubiak","Steve Spagnuolo",48,22.8,1,50,,0,17,23,7,20,67,47,30,50.75,32.4,109,SIT
8200,"Kevin Austin",WR,NO,ATL,"Kellen Moore","Jeff Ulbrich",43,27.33,3,50,,0,50,5,3,60,0,50,5,47.82,32,110,SIT
7090,"Darnell Mooney",WR,NYG,ARI,"Matt Nagy","Nick Rallis",50,,0,44,3.45,2,25,16,10,61,0,77,21,46.88,31.9,111,SIT
9504,"Kayshon Boutte",WR,HOU,DAL,"Nick Caley","Christian Parker",50,,0,50,,0,25,13,8,39,33,66,21,48.8,31.9,112,SIT
11056,"Jared Wayne",WR,HOU,DAL,"Nick Caley","Christian Parker",50,,0,50,,0,33,10,11,39,17,57,5,48.8,31.8,113,SIT
11637,"Keon Coleman",WR,BUF,NE,"Joe Brady","Zak Kuhr",50,,0,50,,0,25,17,11,46,33,34,21,43.5,31.7,114,SIT
8676,"Rashid Shaheed",WR,SEA,LAC,"Brian Fleury","Chris O'Leary",50,,0,50,,0,36,11,14,46,0,55,13,47.26,31.4,115,SIT
11631,"Brian Thomas",WR,JAX,CIN,"Liam Coen","Al Golden",52,39.1,1,50,,0,50,10,12,40,0,34,21,45.77,31.2,116,SIT
8168,"Skyy Moore",WR,GB,TB,"Matt LaFleur","Todd Bowles",58,45,2,43,2.55,2,31,8,9,27,50,38,21,45.51,30.8,117,SIT
11626,"Xavier Legette",WR,CAR,DET,"Brad Idzik","Kelvin Sheppard",50,,0,50,,0,25,12,9,61,25,47,51,45.96,30.5,118,SIT
8180,"Jalen Nailor",WR,LV,KC,"Klint Kubiak","Steve Spagnuolo",48,22.8,1,50,,0,31,10,13,20,17,68,13,50.75,30.3,119,SIT
12536,"Jaylin Noel",WR,HOU,DAL,"Nick Caley","Christian Parker",50,,0,50,,0,31,17,8,39,0,69,34,48.8,30.3,120,SIT
8119,"Jahan Dotson",WR,ATL,NO,"Tommy Rees","Brandon Staley",50,,0,50,,0,28,8,14,36,0,86,13,46.45,30.2,121,SIT
13338,"Kevin Coleman",WR,MIA,MIN,"Bobby Slowik","Brian Flores",54,47.52,1,50,,0,50,2,9,53,0,52,38,38.35,30.2,122,SIT
13079,"Jahdae Walker",WR,CHI,NYJ,"Ben Johnson","Aaron Glenn",50,,0,50,,0,8,20,4,35,50,50,34,47.32,29.6,123,SIT
12497,"Tory Horton",WR,SEA,LAC,"Brian Fleury","Chris O'Leary",50,,0,50,,0,25,22,7,46,0,50,34,47.26,29.6,124,SIT
11421,"Ryan Miller",WR,MIA,MIN,"Bobby Slowik","Brian Flores",54,47.52,1,50,,0,17,26,6,53,0,52,30,38.35,29.5,125,SIT
3269,"Chris Moore",WR,BAL,TEN,"Declan Doyle","Robert Saleh",50,,0,50,,0,17,15,8,46,17,59,38,49,29,126,SIT
11608,"Isaiah Williams",WR,NYJ,CHI,"Frank Reich","Dennis Allen",50,,0,50,,0,28,15,9,32,17,34,21,46.29,28.9,127,SIT
12485,"Tez Johnson",WR,TB,GB,"Zac Robinson","Jonathan Gannon",50,,0,50,,0,22,7,7,50,33,46,34,42.76,28.9,128,SIT
13420,"Bryce Lance",WR,NO,ATL,"Kellen Moore","Jeff Ulbrich",43,27.33,3,50,,0,22,9,6,60,17,47,29,47.82,28.8,129,SIT
8135,"Treylon Burks",WR,WAS,IND,"David Blough","Lou Anarumo",50,,0,50,11,1,13,13,5,51,25,50,30,49.94,28.7,130,SIT
13311,"Chris Bell",WR,MIA,MIN,"Bobby Slowik","Brian Flores",54,47.52,1,50,,0,28,14,11,53,0,31,29,38.35,28.5,131,SIT
13294,"Makai Lemon",WR,PHI,LAR,"Sean Mannion","Chris Shula",50,,0,50,,0,28,10,12,37,0,59,29,49.12,28.4,132,SIT
13199,"Montorie Foster",WR,SEA,LAC,"Brian Fleury","Chris O'Leary",50,,0,50,,0,50,0,0,46,0,50,34,47.26,28.3,133,SIT
7562,"Tutu Atwell",WR,LA,PHI,"Sean McVay","Vic Fangio",61,49.55,2,43,3,2,17,8,7,53,0,50,30,50.99,28.3,134,SIT
12535,"Isaac TeSlaa",WR,DET,CAR,"Drew Petzing","Ejiro Evero",41,16.45,2,50,,0,25,14,8,21,33,42,25,45.89,28.2,135,SIT
12523,"Jimmy Horn",WR,CLE,PIT,"Todd Monken","Patrick Graham",50,31.4,1,50,,0,50,0,3,33,0,50,9,40.61,28.2,136,SIT
3155,"Laquon Treadwell",WR,IND,WAS,"Shane Steichen","Daronte Jones",50,,0,50,,0,14,12,5,80,0,38,34,47.46,28,137,SIT
7587,"Dyami Brown",WR,WAS,IND,"David Blough","Lou Anarumo",50,,0,47,3.6,1,25,6,9,51,17,33,30,49.94,27.9,138,SIT
13394,"Josh Cameron",WR,JAX,CIN,"Liam Coen","Al Golden",52,39.1,1,50,,0,11,17,6,40,33,33,38,45.77,27.5,139,SIT
12634,"Jordan Watkins",WR,SF,DEN,"Kyle Shanahan","Vance Joseph",47,27.35,2,50,,0,17,23,8,32,0,50,34,51.03,27.4,140,SIT
13333,"Deion Burks",WR,IND,WAS,"Shane Steichen","Daronte Jones",50,,0,50,,0,17,4,0,80,0,50,38,47.46,27.2,141,SIT
8917,"KaVontae Turpin",WR,DAL,HOU,"Brian Schottenheimer","Matt Burke",50,,0,50,,0,14,10,3,63,17,35,34,46.82,27.1,142,SIT
13380,"Brenen Thompson",WR,LAC,SEA,"Mike McDaniel","Mike Macdonald",74,45.7,3,50,,0,25,7,12,23,0,50,68,41.47,26.8,143,SIT
3200,"Sterling Shepard",WR,NYJ,CHI,"Frank Reich","Dennis Allen",50,,0,50,,0,8,4,3,32,50,50,13,46.29,26.8,144,SIT
7757,"Ben Skowronek",WR,PIT,CLE,"Mike McCarthy","Mike Rutenberg",50,,0,50,,0,8,15,3,53,0,67,30,46.77,26.5,145,SIT
11157,"Brycen Tremayne",WR,CAR,DET,"Brad Idzik","Kelvin Sheppard",50,,0,50,,0,17,12,5,61,0,28,30,45.96,26.2,146,SIT
9494,"Marvin Mims",WR,DEN,SF,"Davis Webb","Raheem Morris",50,,0,50,,0,50,0,0,34,0,50,60,49.98,26.2,147,SIT
4274,"David Moore",WR,CAR,DET,"Brad Idzik","Kelvin Sheppard",50,,0,50,,0,17,0,5,61,0,50,9,45.96,26,148,SIT
13264,"Dohnte Meyers",WR,CIN,JAX,"Zac Taylor","Anthony Campanile",58,61.6,1,50,,0,22,9,7,42,0,35,29,44.02,25.8,149,SIT
11627,"Troy Franklin",WR,DEN,SF,"Davis Webb","Raheem Morris",50,,0,50,,0,14,7,5,34,17,60,30,49.98,25.8,150,SIT
11629,"Devontez Walker",WR,BAL,TEN,"Declan Doyle","Robert Saleh",50,,0,50,,0,13,8,6,46,0,56,21,49,25.7,151,SIT
11623,"Jordan Whittington",WR,LA,PHI,"Sean McVay","Vic Fangio",61,49.55,2,42,1.7,2,8,5,4,53,0,50,30,50.99,25.7,152,SIT
4981,"Calvin Ridley",WR,TEN,BAL,"Brian Daboll","Jesse Minter",50,,0,54,25.4,1,13,8,7,54,0,45,34,49.21,25.6,153,SIT
8188,"Tyquan Thornton",WR,KC,LV,"Andy Reid","Rob Leonard",50,,0,50,,0,19,16,7,22,0,47,21,44.46,25.4,154,SIT
6271,"Olamide Zaccheaus",WR,ATL,NO,"Tommy Rees","Brandon Staley",50,,0,47,2.9,1,17,5,8,36,0,67,21,46.45,25.3,155,SIT
6783,"Jerry Jeudy",WR,CLE,PIT,"Todd Monken","Patrick Graham",50,31.4,1,51,12.57,4,21,7,11,33,0,37,21,40.61,24.7,156,SIT
10225,"Jonathan Mingo",WR,DAL,HOU,"Brian Schottenheimer","Matt Burke",50,,0,50,,0,8,6,3,63,0,50,30,46.82,24.7,157,SIT
12547,"Kyle Williams",WR,NE,BUF,"Josh McDaniels","Jim Leonhard",50,,0,50,,0,14,6,7,60,0,30,34,41.66,24.3,158,SIT
11168,"Xavier Smith",WR,LA,PHI,"Sean McVay","Vic Fangio",61,49.55,2,41,0,2,3,0,1,53,17,38,30,50.99,24.2,159,SIT
6427,"Ashton Dulin",WR,IND,WAS,"Shane Steichen","Daronte Jones",50,,0,50,,0,8,0,3,80,0,50,60,47.46,23.7,160,SIT
13541,"Lewis Bond",WR,HOU,DAL,"Nick Caley","Christian Parker",50,,0,50,,0,8,0,4,39,0,50,13,48.8,23.7,161,SIT
11762,"Anthony Gould",WR,IND,WAS,"Shane Steichen","Daronte Jones",50,,0,50,,0,0,0,0,80,0,53,30,47.46,23.5,162,SIT
13150,"Darius Cooper",WR,PHI,LAR,"Sean Mannion","Chris Shula",50,,0,50,,0,8,10,3,37,17,27,34,49.12,23.3,163,SIT
12699,"LaJohntay Wester",WR,BAL,TEN,"Declan Doyle","Robert Saleh",50,,0,50,,0,11,6,5,46,0,33,34,49,22.9,164,SIT
7049,"Jauan Jennings",WR,MIN,MIA,"Kevin O'Connell","Jeff Hafley",56,35.35,4,49,9,1,13,2,6,24,0,53,21,49.53,22.6,165,SIT
12496,"Tai Felton",WR,MIN,MIA,"Kevin O'Connell","Jeff Hafley",56,35.35,4,41,0,2,17,0,8,24,0,50,34,49.53,21.8,166,SIT
7521,"Chris Blair",WR,ATL,NO,"Tommy Rees","Brandon Staley",50,,0,50,,0,8,2,3,36,17,28,30,46.45,21.7,167,SIT
12505,"Jalen Royals",WR,KC,LV,"Andy Reid","Rob Leonard",50,,0,50,,0,8,10,3,22,17,29,34,44.46,21.7,168,SIT
12540,"Chimere Dike",WR,TEN,BAL,"Brian Daboll","Jesse Minter",50,,0,46,1.5,1,6,3,2,54,0,34,34,49.21,21.6,169,SIT
12641,"Jaylin Lane",WR,WAS,IND,"David Blough","Lou Anarumo",50,,0,50,,0,6,4,2,51,0,31,34,49.94,21.6,170,SIT
11034,"Jalen Brooks",WR,ARI,NYG,"Mike LaFleur","Dennard Wilson",50,,0,50,,0,4,0,1,53,0,38,30,55.53,21.5,171,SIT
5848,"Marquise Brown",WR,PHI,LAR,"Sean Mannion","Chris Shula",50,,0,50,,0,17,3,0,37,0,50,60,49.12,21.5,172,SIT
8204,"Bo Melton",WR,GB,TB,"Matt LaFleur","Todd Bowles",58,45,2,46,1.7,1,8,2,3,27,0,63,30,45.51,21.4,173,SIT
5121,"Braxton Berrios",WR,NYG,ARI,"Matt Nagy","Nick Rallis",50,,0,50,,0,0,0,0,61,0,52,34,46.88,21.4,174,SIT
13413,"Cyrus Allen",WR,KC,LV,"Andy Reid","Rob Leonard",50,,0,50,,0,8,0,4,22,0,50,38,44.46,21.3,175,SIT
7812,"Simi Fehoko",WR,ARI,NYG,"Mike LaFleur","Dennard Wilson",50,,0,46,0,1,0,0,0,53,0,53,30,55.53,21.3,176,SIT
12503,"Isaiah Bond",WR,CLE,PIT,"Todd Monken","Patrick Graham",50,31.4,1,49,7.8,1,8,6,3,33,0,50,34,40.61,21.2,177,SIT
13320,"Zachariah Branch",WR,ATL,NO,"Tommy Rees","Brandon Staley",50,,0,50,,0,11,5,5,36,0,30,38,46.45,21.2,178,SIT
6847,"Devin Duvernay",WR,ARI,NYG,"Mike LaFleur","Dennard Wilson",50,,0,43,2.25,2,0,0,0,53,0,53,30,55.53,21.1,179,SIT
13770,"J. Michael Sturdivant",WR,GB,TB,"Matt LaFleur","Todd Bowles",58,45,2,50,,0,13,7,3,27,0,26,38,45.51,21.1,180,SIT
5938,"Lil'Jordan Humphrey",WR,DEN,SF,"Davis Webb","Raheem Morris",50,,0,50,,0,8,0,4,34,0,50,30,49.98,21.1,181,SIT
13411,"Zavion Thomas",WR,CHI,NYJ,"Ben Johnson","Aaron Glenn",50,,0,50,,0,4,2,1,35,0,26,38,47.32,21.1,182,SIT
11650,"Luke McCaffrey",WR,WAS,IND,"David Blough","Lou Anarumo",50,,0,48,7.4,1,0,0,0,51,0,50,30,49.94,20.7,183,SIT
5086,"Marquez Valdes-Scantling",WR,LAC,SEA,"Mike McDaniel","Mike Macdonald",74,45.7,3,50,,0,8,0,3,23,0,50,34,41.47,20.7,184,SIT
13491,"Kaden Wetjen",WR,PIT,CLE,"Mike McCarthy","Mike Rutenberg",50,,0,50,,0,0,0,0,53,0,52,38,46.77,20.5,185,SIT
11994,"Kameron Johnson",WR,TB,GB,"Zac Robinson","Jonathan Gannon",50,,0,50,,0,0,0,0,50,0,53,30,42.76,20.4,186,SIT
8755,"Kaden Davis",WR,CHI,NYJ,"Ben Johnson","Aaron Glenn",50,,0,50,,0,0,0,0,35,0,50,5,47.32,20.3,187,SIT
13329,"Malik Benson",WR,LV,KC,"Klint Kubiak","Steve Spagnuolo",48,22.8,1,50,,0,14,1,5,20,0,42,38,50.75,20.3,188,SIT
11616,"Jacob Cowing",WR,SF,DEN,"Kyle Shanahan","Vance Joseph",47,27.35,2,50,,0,6,0,3,32,0,39,21,51.03,20.1,189,SIT
5970,"Greg Dortch",WR,BUF,NE,"Joe Brady","Zak Kuhr",50,,0,50,,0,0,0,0,46,0,53,30,43.5,20,190,SIT
13981,"Kolbe Katsis",WR,DEN,SF,"Davis Webb","Raheem Morris",50,,0,50,,0,0,0,0,34,0,50,13,49.98,20,191,SIT
10234,"Derius Davis",WR,LAC,SEA,"Mike McDaniel","Mike Macdonald",74,45.7,3,46,1.1,1,6,0,3,23,0,43,30,41.47,19.9,192,SIT
13533,"Barion Brown",WR,NO,ATL,"Kellen Moore","Jeff Ulbrich",43,27.33,3,50,,0,4,0,0,60,0,28,68,47.82,19.8,193,SIT
8414,"Britain Covey",WR,PHI,LAR,"Sean Mannion","Chris Shula",50,,0,46,0,1,0,0,0,37,0,53,30,49.12,19.3,194,SIT
12925,"Jamaal Pritchett",WR,NYJ,CHI,"Frank Reich","Dennis Allen",50,,0,50,,0,0,0,0,32,0,50,34,46.29,18.6,195,SIT
5773,"KhaDarel Hodge",WR,SF,DEN,"Kyle Shanahan","Vance Joseph",47,27.35,2,43,2.85,2,3,3,2,32,0,27,34,51.03,18.4,196,SIT
11617,"Malachi Corley",WR,CLE,PIT,"Todd Monken","Patrick Graham",50,31.4,1,46,1.2,1,0,0,0,33,0,53,30,40.61,18.4,197,SIT
13825,"Malik McClain",WR,NYJ,CHI,"Frank Reich","Dennis Allen",50,,0,50,,0,0,0,0,32,0,50,38,46.29,18.4,198,SIT
8527,"Dareke Young",WR,LV,KC,"Klint Kubiak","Steve Spagnuolo",48,22.8,1,46,0,1,3,4,1,20,0,29,21,50.75,18.3,199,SIT
13075,"Myles Price",WR,MIN,MIA,"Kevin O'Connell","Jeff Hafley",56,35.35,4,46,0,1,3,0,2,24,0,37,34,49.53,18.3,200,SIT
11320,"Nikko Remigio",WR,KC,LV,"Andy Reid","Rob Leonard",50,,0,50,,0,0,0,0,22,0,53,30,44.46,17.9,201,SIT
8250,"Tay Martin",WR,DET,CAR,"Drew Petzing","Ejiro Evero",41,16.45,2,50,,0,0,0,0,21,0,53,30,45.89,17.3,202,SIT
6588,"Tom Kennedy",WR,DET,CAR,"Drew Petzing","Ejiro Evero",41,16.45,2,50,,0,0,0,0,21,0,52,34,45.89,17.1,203,SIT
7595,"Tylan Wallace",WR,CLE,PIT,"Todd Monken","Patrick Graham",50,31.4,1,50,,0,0,0,0,33,0,50,60,40.61,17.1,204,SIT
11604,"Brock Bowers",TE,LV,KC,"Klint Kubiak","Steve Spagnuolo",55,17.4,1,67,20.5,2,100,100,43,37,100,50,2,41.14,74.1,1,START
8130,"Trey McBride",TE,ARI,NYG,"Mike LaFleur","Dennard Wilson",50,,0,51,9.1,1,87,71,32,34,100,86,2,50.425,65.5,2,START
7002,"Juwan Johnson",TE,NO,ATL,"Kellen Moore","Jeff Ulbrich",60,11.03,3,53,9.85,2,49,61,15,44,100,74,6,43.075,55,3,START
4217,"George Kittle",TE,SF,DEN,"Kyle Shanahan","Vance Joseph",68,21.65,2,68,21.65,2,41,57,22,39,83,66,6,48.85,53.3,4,START
12518,"Tyler Warren",TE,IND,WAS,"Shane Steichen","Daronte Jones",50,,0,50,,0,62,48,23,54,50,81,6,44.25,51.6,5,START
8131,"Isaiah Likely",TE,NYG,ARI,"Matt Nagy","Nick Rallis",50,,0,47,2,1,59,48,28,45,67,61,2,44.63,51.4,6,START
10859,"Sam LaPorta",TE,DET,CAR,"Drew Petzing","Ejiro Evero",56,12.65,2,57,19.7,1,49,42,17,37,83,75,2,45.28,49.6,7,START
1466,"Travis Kelce",TE,KC,LV,"Andy Reid","Rob Leonard",50,,0,50,,0,46,59,18,54,33,58,10,44.245000000000005,47.4,8,START
5001,"Dalton Schultz",TE,HOU,DAL,"Nick Caley","Christian Parker",50,,0,50,,0,64,48,21,44,17,52,6,45.22,46.1,9,START
4993,"Mike Gesicki",TE,CIN,JAX,"Zac Taylor","Anthony Campanile",52,12.3,1,49,4.8,1,38,57,14,24,50,72,6,42.55,44.8,10,START
12506,"Harold Fannin",TE,CLE,PIT,"Todd Monken","Patrick Graham",54,15.1,1,50,,0,50,47,22,27,33,57,6,40.44,43.8,11,START
10236,"Dalton Kincaid",TE,BUF,NE,"Joe Brady","Zak Kuhr",50,,0,50,,0,44,56,21,20,17,66,2,45.665,43.1,12,START
2505,"Darren Waller",TE,CAR,DET,"Brad Idzik","Kelvin Sheppard",50,,0,50,,0,33,40,11,80,33,53,10,44.465,42.5,13,SIT
3271,"Tyler Higbee",TE,LA,PHI,"Sean McVay","Vic Fangio",41,1.65,2,46,0,1,50,42,15,21,50,39,29,49.305,41.8,14,SIT
8110,"Jake Ferguson",TE,DAL,HOU,"Brian Schottenheimer","Matt Burke",50,,0,50,,0,28,41,11,35,67,62,2,43.525,41.7,15,SIT
7600,"Pat Freiermuth",TE,PIT,CLE,"Mike McCarthy","Mike Rutenberg",50,,0,50,,0,41,34,13,39,33,80,2,43.155,40.9,16,SIT
8111,"Cade Otton",TE,TB,GB,"Zac Robinson","Jonathan Gannon",50,,0,50,,0,44,28,18,32,33,90,2,42.59,40.7,17,SIT
5012,"Mark Andrews",TE,BAL,TEN,"Declan Doyle","Robert Saleh",50,,0,50,,0,46,30,25,23,17,85,6,48.03,40,18,SIT
5844,"T.J. Hockenson",TE,MIN,MIA,"Kevin O'Connell","Jeff Hafley",59,10.72,4,52,8.85,2,33,27,20,42,33,73,2,42.805,39.7,19,SIT
11603,"AJ Barner",TE,SEA,LAC,"Brian Fleury","Chris O'Leary",50,,0,50,,0,33,28,11,35,67,48,2,44.114999999999995,39.1,20,SIT
5857,"Noah Fant",TE,NO,ATL,"Kellen Moore","Jeff Ulbrich",60,11.03,3,48,5.8,2,31,39,8,44,50,33,13,43.075,39,21,SIT
11600,"Ja'Tavion Sanders",TE,CAR,DET,"Brad Idzik","Kelvin Sheppard",50,,0,50,,0,50,0,20,80,50,50,30,44.465,38.9,22,SIT
9484,"Tucker Kraft",TE,GB,TB,"Matt LaFleur","Todd Bowles",59,15,2,55,15.7,1,44,24,14,41,17,73,2,39.305,38.4,23,SIT
9482,"Michael Mayer",TE,LV,KC,"Klint Kubiak","Steve Spagnuolo",55,17.4,1,39,3.98,4,36,32,16,37,33,69,13,41.14,38.2,24,SIT
7946,"Jack Stoll",TE,SF,DEN,"Kyle Shanahan","Vance Joseph",68,21.65,2,50,,0,50,0,20,39,50,50,5,48.85,37.7,25,SIT
4443,"Pharaoh Brown",TE,IND,WAS,"Shane Steichen","Daronte Jones",50,,0,50,,0,50,0,20,54,50,50,9,44.25,37.5,26,SIT
8583,"Stone Smartt",TE,NO,ATL,"Kellen Moore","Jeff Ulbrich",60,11.03,3,50,,0,50,0,20,44,50,50,5,43.075,37.3,27,SIT
12493,"Oronde Gadsden",TE,LAC,SEA,"Mike McDaniel","Mike Macdonald",64,12.17,3,50,,0,50,18,8,31,33,62,6,38.28,37.1,28,SIT
12062,"Cam Grandy",TE,MIN,MIA,"Kevin O'Connell","Jeff Hafley",59,10.72,4,50,,0,50,0,20,42,50,50,5,42.805,37,29,SIT
12045,"Jack Westover",TE,WAS,IND,"David Blough","Lou Anarumo",50,,0,50,,0,50,0,20,45,50,50,5,47.545,37,30,SIT
8799,"Zaire Mitchell-Paden",TE,HOU,DAL,"Nick Caley","Christian Parker",50,,0,50,,0,50,0,20,44,50,50,5,45.22,36.8,31,SIT
12374,"Brenden Bates",TE,JAX,CIN,"Liam Coen","Al Golden",48,4.7,1,50,,0,50,0,20,45,50,50,5,44.715,36.7,32,SIT
13210,"Drake Dabney",TE,GB,TB,"Matt LaFleur","Todd Bowles",59,15,2,50,,0,50,0,20,41,50,50,9,39.305,36.5,33,SIT
11595,"Jared Wiley",TE,KC,LV,"Andy Reid","Rob Leonard",50,,0,50,,0,50,0,20,54,50,50,30,44.245000000000005,36.5,34,SIT
9480,"Brenton Strange",TE,JAX,CIN,"Liam Coen","Al Golden",48,4.7,1,49,4.7,1,26,24,14,45,33,68,2,44.715,36.3,35,SIT
8227,"Teagan Quitoriano",TE,ARI,NYG,"Mike LaFleur","Dennard Wilson",50,,0,50,,0,50,0,20,34,50,50,5,50.425,36.2,36,SIT
11381,"Travis Vokolek",TE,ARI,NYG,"Mike LaFleur","Dennard Wilson",50,,0,50,,0,50,0,20,34,50,50,5,50.425,36.2,37,SIT
10212,"Josh Whyle",TE,GB,TB,"Matt LaFleur","Todd Bowles",59,15,2,50,,0,50,0,20,41,50,50,21,39.305,35.9,38,SIT
8170,"James Mitchell",TE,DAL,HOU,"Brian Schottenheimer","Matt Burke",50,,0,50,,0,50,0,20,35,50,50,5,43.525,35.8,39,SIT
8249,"Lucas Krull",TE,DEN,SF,"Davis Webb","Raheem Morris",50,,0,50,,0,50,0,20,32,50,50,5,47.165,35.8,40,SIT
7694,"Tommy Tremble",TE,CAR,DET,"Brad Idzik","Kelvin Sheppard",50,,0,50,,0,28,17,10,80,17,63,13,44.465,35.8,41,SIT
3048,"Chris Manhertz",TE,NYG,ARI,"Matt Nagy","Nick Rallis",50,,0,50,,0,50,0,20,45,50,50,29,44.63,35.7,42,SIT
12502,"Gunnar Helm",TE,TEN,BAL,"Brian Daboll","Jesse Minter",50,,0,47,2.5,1,28,16,14,35,50,72,6,45.93,35.7,43,SIT
13330,"Kenyon Sadiq",TE,NYJ,CHI,"Frank Reich","Dennis Allen",50,,0,50,,0,38,47,15,25,0,51,40,43.16,35.6,44,SIT
5133,"Tyler Conklin",TE,DET,CAR,"Drew Petzing","Ejiro Evero",56,12.65,2,50,,0,50,0,20,37,50,50,25,45.28,35.6,45,SIT
11820,"Devin Culp",TE,TB,GB,"Zac Robinson","Jonathan Gannon",50,,0,50,,0,50,0,20,32,50,50,5,42.59,35.5,46,SIT
12700,"Gavin Bartholomew",TE,MIN,MIA,"Kevin O'Connell","Jeff Hafley",59,10.72,4,50,,0,20,20,20,42,50,50,17,42.805,35.5,47,SIT
12715,"Thomas Fidone",TE,NYG,ARI,"Matt Nagy","Nick Rallis",50,,0,50,,0,50,0,20,45,50,50,34,44.63,35.5,48,SIT
7602,"Kylen Granson",TE,TEN,BAL,"Brian Daboll","Jesse Minter",50,,0,50,,0,50,0,20,35,50,50,21,45.93,35.3,49,SIT
8849,"Tanner Conner",TE,NE,BUF,"Josh McDaniels","Jim Leonhard",50,,0,50,,0,50,0,20,30,50,50,5,41.43,35.2,50,SIT
8500,"John FitzPatrick",TE,CLE,PIT,"Todd Monken","Patrick Graham",54,15.1,1,50,,0,50,0,20,27,50,50,5,40.44,35.1,51,SIT
3202,"Austin Hooper",TE,ATL,NO,"Tommy Rees","Brandon Staley",50,,0,47,1.5,1,23,24,11,52,25,70,17,48.47,34.9,52,SIT
12357,"David Martin-Robinson",TE,TEN,BAL,"Brian Daboll","Jesse Minter",50,,0,50,,0,50,0,20,35,50,50,30,45.93,34.8,53,SIT
7050,"Josiah Deguara",TE,PHI,LAR,"Sean Mannion","Chris Shula",50,,0,50,,0,50,0,20,23,50,50,5,44.215,34.8,54,SIT
13151,"Nick Kallerup",TE,SEA,LAC,"Brian Fleury","Chris O'Leary",50,,0,50,,0,50,0,20,35,50,50,34,44.114999999999995,34.5,55,SIT
5022,"Dallas Goedert",TE,PHI,LAR,"Sean Mannion","Chris Shula",50,,0,51,8.1,2,27,45,14,23,50,33,94,44.215,34.3,56,SIT
8172,"Greg Dulcich",TE,MIA,MIN,"Bobby Slowik","Brian Flores",47,3.1,1,50,,0,31,22,13,27,33,57,2,35.730000000000004,33.6,57,SIT
13324,"Matt Hibner",TE,BAL,TEN,"Declan Doyle","Robert Saleh",50,,0,50,,0,20,20,20,23,50,50,21,48.03,33.4,58,SIT
5985,"Foster Moreau",TE,HOU,DAL,"Nick Caley","Christian Parker",50,,0,50,,0,21,21,8,44,33,62,13,45.22,33.3,59,SIT
4144,"Jonnu Smith",TE,GB,TB,"Matt LaFleur","Todd Bowles",59,15,2,49,6.2,2,23,19,7,41,25,84,17,39.305,33.2,60,SIT
12473,"Mitchell Evans",TE,CAR,DET,"Brad Idzik","Kelvin Sheppard",50,,0,50,,0,15,13,5,80,33,57,25,44.465,32.7,61,SIT
12517,"Colston Loveland",TE,CHI,NYJ,"Ben Johnson","Aaron Glenn",50,,0,50,,0,23,10,10,23,50,60,6,46.665,31.6,62,SIT
7716,"John Bates",TE,WAS,IND,"David Blough","Lou Anarumo",50,,0,50,,0,15,9,7,45,50,63,13,47.545,31.6,63,SIT
8489,"Drew Ogletree",TE,IND,WAS,"Shane Steichen","Daronte Jones",50,,0,50,,0,50,0,3,54,0,79,21,44.25,31.5,64,SIT
11433,"Nate Adkins",TE,DEN,SF,"Davis Webb","Raheem Morris",50,,0,50,,0,15,25,6,32,50,31,21,47.165,31.3,65,SIT
3214,"Hunter Henry",TE,NE,BUF,"Josh McDaniels","Jim Leonhard",50,,0,50,,0,26,17,13,30,17,59,6,41.43,31.1,66,SIT
4066,"Evan Engram",TE,DEN,SF,"Davis Webb","Raheem Morris",50,,0,50,,0,21,21,10,32,17,38,6,47.165,30.1,67,SIT
8145,"Jeremy Ruckert",TE,NYJ,CHI,"Frank Reich","Dennis Allen",50,,0,50,,0,21,23,8,25,33,39,21,43.16,30.1,68,SIT
12938,"Jackson Meeks",TE,DET,CAR,"Drew Petzing","Ejiro Evero",56,12.65,2,50,,0,50,7,3,37,0,50,34,45.28,29.6,69,SIT
13421,"Eli Raridon",TE,NE,BUF,"Josh McDaniels","Jim Leonhard",50,,0,50,,0,8,20,4,30,25,78,51,41.43,29.2,70,SIT
11201,"Blake Whiteheart",TE,CLE,PIT,"Todd Monken","Patrick Graham",54,15.1,1,52,10.3,1,12,20,6,27,25,64,13,40.44,29.1,71,SIT
13307,"Marlin Klein",TE,HOU,DAL,"Nick Caley","Christian Parker",50,,0,50,,0,8,9,3,44,0,50,29,45.22,28.9,72,SIT
9479,"Darnell Washington",TE,PIT,CLE,"Mike McCarthy","Mike Rutenberg",50,,0,50,,0,21,18,8,39,0,55,13,43.155,28.6,73,SIT
8210,"Chig Okonkwo",TE,WAS,IND,"David Blough","Lou Anarumo",50,,0,60,10.18,4,23,13,10,45,0,50,32,47.545,28.5,74,SIT
13299,"Nate Boerkircher",TE,JAX,CIN,"Liam Coen","Al Golden",48,4.7,1,50,,0,8,3,4,45,25,66,21,44.715,28.4,75,SIT
13319,"Oscar Delp",TE,NO,ATL,"Kellen Moore","Jeff Ulbrich",60,11.03,3,50,,0,8,7,3,44,0,50,29,43.075,28.3,76,SIT
1339,"Zach Ertz",TE,PHI,LAR,"Sean Mannion","Chris Shula",50,,0,50,,0,15,7,8,23,50,50,13,44.215,28.3,77,SIT
13322,"Sam Roush",TE,CHI,NYJ,"Ben Johnson","Aaron Glenn",50,,0,50,,0,15,8,6,23,25,64,29,46.665,28.2,78,SIT
6001,"Drew Sample",TE,CIN,JAX,"Zac Taylor","Anthony Campanile",52,12.3,1,47,1.7,1,19,11,7,24,25,64,17,42.55,27.8,79,SIT
7828,"Noah Gray",TE,KC,LV,"Andy Reid","Rob Leonard",50,,0,50,,0,13,10,6,54,17,38,13,44.245000000000005,27.4,80,SIT
12487,"Terrance Ferguson",TE,LA,PHI,"Sean McVay","Vic Fangio",41,1.65,2,50,,0,31,23,13,21,17,22,66,49.305,27.4,81,SIT
6869,"Adam Trautman",TE,DEN,SF,"Davis Webb","Raheem Morris",50,,0,48,4.2,1,23,11,11,32,0,50,13,47.165,27.1,82,SIT
7553,"Kyle Pitts",TE,ATL,NO,"Tommy Rees","Brandon Staley",50,,0,51,8.15,2,15,5,8,52,0,56,2,48.47,27.1,83,SIT
4602,"Robert Tonyan",TE,PIT,CLE,"Mike McCarthy","Mike Rutenberg",50,,0,50,,0,8,4,3,39,50,50,25,43.155,26.7,84,SIT
5906,"Dawson Knox",TE,BUF,NE,"Joe Brady","Zak Kuhr",50,,0,50,,0,13,14,5,20,17,55,13,45.665,26,85,SIT
11592,"Erick All",TE,CIN,JAX,"Zac Taylor","Anthony Campanile",52,12.3,1,50,,0,23,9,10,24,0,50,21,42.55,25.4,86,SIT
6865,"Colby Parkinson",TE,LA,PHI,"Sean McVay","Vic Fangio",41,1.65,2,47,2,1,13,6,5,21,33,48,43,49.305,25.1,87,SIT
11597,"Theo Johnson",TE,NYG,ARI,"Matt Nagy","Nick Rallis",50,,0,50,,0,19,3,8,45,0,41,13,44.63,25.1,88,SIT
4189,"Eric Saubert",TE,SEA,LAC,"Brian Fleury","Chris O'Leary",50,,0,50,,0,8,10,3,35,33,30,25,44.114999999999995,24.9,89,SIT
10871,"Luke Schoonmaker",TE,DAL,HOU,"Brian Schottenheimer","Matt Burke",50,,0,50,,0,8,7,3,35,0,92,21,43.525,24.8,90,SIT
4054,"Mo Alie-Cox",TE,IND,WAS,"Shane Steichen","Daronte Jones",50,,0,50,,0,8,9,3,54,0,50,21,44.25,24.7,91,SIT
12817,"Jake Briningstool",TE,KC,LV,"Andy Reid","Rob Leonard",50,,0,50,,0,8,3,4,54,0,67,25,44.245000000000005,24.4,92,SIT
6826,"Cole Kmet",TE,CHI,NYJ,"Ben Johnson","Aaron Glenn",50,,0,52,7.78,4,13,14,6,23,0,40,13,46.665,24.2,93,SIT
4995,"Ian Thomas",TE,LV,KC,"Klint Kubiak","Steve Spagnuolo",55,17.4,1,50,,0,8,13,12,37,0,33,25,41.14,24.2,94,SIT
11596,"Ben Sinnott",TE,WAS,IND,"David Blough","Lou Anarumo",50,,0,50,,0,8,3,3,45,0,68,21,47.545,23.9,95,SIT
5008,"Durham Smythe",TE,BAL,TEN,"Declan Doyle","Robert Saleh",50,,0,47,2.1,1,8,3,4,23,25,66,25,48.03,23.8,96,SIT
10214,"Davis Allen",TE,LA,PHI,"Sean McVay","Vic Fangio",41,1.65,2,42,0.65,2,13,10,4,21,0,61,30,49.305,23.7,97,SIT
4314,"Johnny Mundt",TE,PHI,LAR,"Sean Mannion","Chris Shula",50,,0,44,1.95,2,15,8,6,23,0,63,17,44.215,23.7,98,SIT
13273,"Josh Cuevas",TE,BAL,TEN,"Declan Doyle","Robert Saleh",50,,0,50,,0,8,9,5,23,0,50,38,48.03,23.7,99,SIT
8225,"Daniel Bellinger",TE,TEN,BAL,"Brian Daboll","Jesse Minter",50,,0,47,2.3,1,10,6,5,35,0,55,13,45.93,23.5,100,SIT
12521,"Elijah Arroyo",TE,SEA,LAC,"Brian Fleury","Chris O'Leary",50,,0,50,,0,8,10,4,35,0,50,17,44.114999999999995,23.4,101,SIT
7531,"Feleipe Franks",TE,CAR,DET,"Brad Idzik","Kelvin Sheppard",50,,0,50,,0,0,0,0,80,0,53,30,44.465,23.3,102,SIT
7842,"Luke Farrell",TE,SF,DEN,"Kyle Shanahan","Vance Joseph",68,21.65,2,50,,0,8,5,3,39,0,31,13,48.85,23.3,103,SIT
7536,"Quintin Morris",TE,JAX,CIN,"Liam Coen","Al Golden",48,4.7,1,46,0,1,8,3,4,45,0,65,21,44.715,23.2,104,SIT
10231,"Elijah Higgins",TE,ARI,NYG,"Mike LaFleur","Dennard Wilson",50,,0,48,3,1,12,9,3,34,0,30,13,50.425,23.1,105,SIT
5409,"Tanner Hudson",TE,CIN,JAX,"Zac Taylor","Anthony Campanile",52,12.3,1,50,,0,12,9,4,24,0,65,34,42.55,23,106,SIT
7075,"Charlie Woerner",TE,ATL,NO,"Tommy Rees","Brandon Staley",50,,0,49,5.4,1,8,0,3,52,0,50,21,48.47,22.9,107,SIT
12498,"Mason Taylor",TE,NYJ,CHI,"Frank Reich","Dennis Allen",50,,0,50,,0,23,7,13,25,0,50,77,43.16,22.8,108,SIT
11599,"Cade Stover",TE,HOU,DAL,"Nick Caley","Christian Parker",50,,0,50,,0,8,3,3,44,0,50,30,45.22,22.2,109,SIT
11593,"Brevyn Spann-Ford",TE,DAL,HOU,"Brian Schottenheimer","Matt Burke",50,,0,50,,0,8,8,3,35,0,33,13,43.525,22.1,110,SIT
7891,"Brock Wright",TE,DET,CAR,"Drew Petzing","Ejiro Evero",56,12.65,2,49,4.6,1,8,5,3,37,0,30,13,45.28,21.9,111,SIT
8219,"Jelani Woods",TE,NYJ,CHI,"Frank Reich","Dennis Allen",50,,0,50,,0,8,11,3,25,0,50,30,43.16,21.9,112,SIT
11942,"Colson Yankoff",TE,WAS,IND,"David Blough","Lou Anarumo",50,,0,50,,0,8,4,3,45,0,28,30,47.545,21.4,113,SIT
10227,"Payne Durham",TE,TB,GB,"Zac Robinson","Jonathan Gannon",50,,0,50,,0,8,0,3,32,0,50,13,42.59,21.1,114,SIT
8523,"Nick Muse",TE,ATL,NO,"Tommy Rees","Brandon Staley",50,,0,50,,0,0,0,0,52,0,53,30,48.47,21,115,SIT
10224,"Brayden Willis",TE,SF,DEN,"Kyle Shanahan","Vance Joseph",68,21.65,2,50,,0,0,0,0,39,0,53,30,48.85,20.9,116,SIT
12079,"Treyton Welch",TE,NO,ATL,"Kellen Moore","Jeff Ulbrich",60,11.03,3,50,,0,0,0,0,44,0,50,30,43.075,20.3,117,SIT
13308,"Bauer Sharp",TE,TB,GB,"Zac Robinson","Jonathan Gannon",50,,0,50,,0,0,0,0,32,0,53,29,42.59,20.1,118,SIT
13580,"Carsen Ryan",TE,CLE,PIT,"Todd Monken","Patrick Graham",54,15.1,1,50,,0,0,0,0,27,0,53,29,40.44,19.8,119,SIT
12658,"Jackson Hawes",TE,BUF,NE,"Joe Brady","Zak Kuhr",50,,0,50,,0,8,0,4,20,0,50,25,45.665,19.7,120,SIT
7535,"Hunter Long",TE,ARI,NYG,"Mike LaFleur","Dennard Wilson",50,,0,50,,0,3,2,1,34,0,29,21,50.425,19.5,121,SIT
12389,"Hayden Rucci",TE,LAC,SEA,"Mike McDaniel","Mike Macdonald",64,12.17,3,50,,0,0,0,0,31,0,50,21,38.28,19.4,122,SIT
10210,"Cameron Latu",TE,NE,BUF,"Josh McDaniels","Jim Leonhard",50,,0,50,,0,0,0,0,30,0,54,21,41.43,18.9,123,SIT
8484,"Ko Kieft",TE,TB,GB,"Zac Robinson","Jonathan Gannon",50,,0,50,,0,0,0,0,32,0,50,30,42.59,18.5,124,SIT
13434,"Will Kacmarek",TE,MIA,MIN,"Bobby Slowik","Brian Flores",47,3.1,1,50,,0,5,2,3,27,0,33,21,35.730000000000004,18.5,125,SIT
11304,"E.J. Jenkins",TE,PHI,LAR,"Sean Mannion","Chris Shula",50,,0,50,,0,0,0,0,23,0,50,21,44.215,18.2,126,SIT
12765,"Keleki Latu",TE,BUF,NE,"Joe Brady","Zak Kuhr",50,,0,50,,0,0,0,0,20,0,52,34,45.665,17.5,127,SIT