model,position,week,observations,mae,rmse,correlation,mean_absolute_rank_error
A_normalized_signals,QB,7,35,6.8516,8.3224,0.5166,7.4286
A_normalized_signals,QB,8,31,4.903,5.9785,0.7329,5.7742
A_normalized_signals,QB,9,30,7.2295,8.8081,0.415,7.7333
A_normalized_signals,QB,10,33,6.6349,7.5314,0.5143,8.1515
A_normalized_signals,QB,11,34,7.0512,9.162,0.3216,9.7647
A_normalized_signals,QB,12,32,6.0695,7.5986,0.458,8.0312
A_normalized_signals,QB,13,36,5.1743,6.5949,0.5426,7.9167
A_normalized_signals,QB,14,35,7.1018,9.0252,0.3792,9.6286
A_normalized_signals,QB,15,37,6.3846,8.4046,0.5302,9.0541
A_normalized_signals,QB,16,41,7.0418,8.4778,0.5735,8.2683
A_normalized_signals,QB,17,36,6.3874,8.2711,0.4904,7.3333
A_normalized_signals,QB,18,40,6.8111,8.4487,0.3579,10.15
A_normalized_signals,RB,7,82,4.6012,6.2762,0.6961,12.4146
A_normalized_signals,RB,8,77,5.6187,7.7466,0.5196,14.4935
A_normalized_signals,RB,9,80,4.4303,5.7893,0.6509,13.375
A_normalized_signals,RB,10,78,4.9269,7.261,0.6658,12.7179
A_normalized_signals,RB,11,83,4.7376,6.8381,0.6123,13.5542
A_normalized_signals,RB,12,75,4.6322,6.9813,0.6485,11.0133
A_normalized_signals,RB,13,86,4.0964,5.3692,0.6506,14.8023
A_normalized_signals,RB,14,84,3.9977,5.527,0.6959,12.119
A_normalized_signals,RB,15,91,4.9549,6.5528,0.5858,17.1758
A_normalized_signals,RB,16,91,4.4702,6.062,0.7366,13.3846
A_normalized_signals,RB,17,94,4.913,6.9309,0.64,13.8191
A_normalized_signals,RB,18,91,4.4144,6.3972,0.4795,17.4725
A_normalized_signals,TE,7,66,4.638,6.5153,0.4811,13.4697
A_normalized_signals,TE,8,58,3.8768,5.2734,0.5952,10.2069
A_normalized_signals,TE,9,63,4.0824,6.3834,0.5517,12.5079
A_normalized_signals,TE,10,67,4.2431,5.3997,0.5361,13.9851
A_normalized_signals,TE,11,67,3.3908,4.6097,0.6343,13.1642
A_normalized_signals,TE,12,70,3.5735,4.4998,0.523,15.4
A_normalized_signals,TE,13,71,3.0422,3.9737,0.7077,11.9155
A_normalized_signals,TE,14,74,3.4926,4.9214,0.5023,13.9865
A_normalized_signals,TE,15,69,4.4339,7.261,0.5833,13.1014
A_normalized_signals,TE,16,77,3.755,4.9048,0.5505,16.8182
A_normalized_signals,TE,17,72,3.5351,5.1122,0.4744,14.1111
A_normalized_signals,TE,18,73,3.5614,4.9885,0.4711,15.0548
A_normalized_signals,WR,7,138,4.3119,6.196,0.6074,24.3841
A_normalized_signals,WR,8,115,4.1592,5.5554,0.5909,22.0174
A_normalized_signals,WR,9,127,4.1473,5.7304,0.6704,21.3307
A_normalized_signals,WR,10,127,4.2989,5.7683,0.5912,23.6693
A_normalized_signals,WR,11,130,4.5789,6.3693,0.4932,25.2462
A_normalized_signals,WR,12,126,4.4346,5.8204,0.6661,22.127
A_normalized_signals,WR,13,148,4.7012,6.3,0.5192,28.5068
A_normalized_signals,WR,14,126,4.2806,5.91,0.6207,22.6349
A_normalized_signals,WR,15,141,4.2849,5.8395,0.6267,25.1773
A_normalized_signals,WR,16,148,4.4497,6.3831,0.5695,27.0338
A_normalized_signals,WR,17,146,3.9128,5.3728,0.5543,30.1849
A_normalized_signals,WR,18,137,3.983,5.4268,0.5551,28.2336
B_raw_features,QB,7,35,6.927,8.4612,0.5123,7.3714
B_raw_features,QB,8,31,4.8111,5.9332,0.7338,5.9032
B_raw_features,QB,9,30,7.1811,8.7824,0.4096,7.7333
B_raw_features,QB,10,33,6.6137,7.5118,0.5189,8.0909
B_raw_features,QB,11,34,7.2178,9.3055,0.3194,9.7647
B_raw_features,QB,12,32,6.2691,7.6981,0.4561,8.0938
B_raw_features,QB,13,36,5.2294,6.6794,0.5561,7.8611
B_raw_features,QB,14,35,7.1659,9.0512,0.3773,9.6857
B_raw_features,QB,15,37,6.4588,8.4614,0.5327,9.4324
B_raw_features,QB,16,41,6.9962,8.436,0.5737,8.4634
B_raw_features,QB,17,36,6.3529,8.2522,0.4924,7.1667
B_raw_features,QB,18,40,6.9314,8.5885,0.3623,10.05
B_raw_features,RB,7,82,4.5578,6.2391,0.6966,12.439
B_raw_features,RB,8,77,5.596,7.643,0.5379,14.2597
B_raw_features,RB,9,80,4.3701,5.7314,0.636,13.35
B_raw_features,RB,10,78,4.969,7.3966,0.646,12.9744
B_raw_features,RB,11,83,4.7573,6.8538,0.6099,13.6024
B_raw_features,RB,12,75,4.7,7.0023,0.6477,11.0667
B_raw_features,RB,13,86,4.2315,5.5266,0.646,14.8372
B_raw_features,RB,14,84,3.9891,5.5252,0.6957,12.1667
B_raw_features,RB,15,91,5.1025,6.6378,0.5829,17.0769
B_raw_features,RB,16,91,4.4672,6.0639,0.7483,13.1429
B_raw_features,RB,17,94,4.773,6.9205,0.6377,13.7979
B_raw_features,RB,18,91,4.491,6.4875,0.4758,17.4505
B_raw_features,TE,7,66,4.731,6.5949,0.459,13.803
B_raw_features,TE,8,58,3.8154,5.2692,0.5894,9.8621
B_raw_features,TE,9,63,4.0645,6.3969,0.5483,12.4127
B_raw_features,TE,10,67,4.1449,5.2956,0.5539,13.6418
B_raw_features,TE,11,67,3.4148,4.6094,0.6412,13.0746
B_raw_features,TE,12,70,3.6327,4.5816,0.5286,15.2
B_raw_features,TE,13,71,3.0941,3.97,0.7076,11.831
B_raw_features,TE,14,74,3.5076,4.945,0.4983,13.9865
B_raw_features,TE,15,69,4.4049,7.3807,0.5793,12.8696
B_raw_features,TE,16,77,3.8273,4.9602,0.5528,16.7922
B_raw_features,TE,17,72,3.607,5.1388,0.4789,14.25
B_raw_features,TE,18,73,3.6106,4.999,0.473,15.0137
B_raw_features,WR,7,138,4.3372,6.1915,0.6085,24.3188
B_raw_features,WR,8,115,4.1898,5.5486,0.5919,22.1304
B_raw_features,WR,9,127,4.1384,5.723,0.6712,21.3071
B_raw_features,WR,10,127,4.2549,5.7404,0.5922,23.7008
B_raw_features,WR,11,130,4.5384,6.354,0.4914,25.2154
B_raw_features,WR,12,126,4.409,5.8768,0.6649,22.1905
B_raw_features,WR,13,148,4.6734,6.278,0.5207,28.3446
B_raw_features,WR,14,126,4.2751,5.9389,0.6157,22.7778
B_raw_features,WR,15,141,4.269,5.8381,0.6282,25.2411
B_raw_features,WR,16,148,4.4601,6.3834,0.5698,27.1757
B_raw_features,WR,17,146,4.0407,5.42,0.5534,30.1507
B_raw_features,WR,18,137,4.0023,5.4202,0.5601,28.1022
C_normalized_plus_scoring_environment,QB,7,35,6.9249,8.3366,0.5212,7.8857
C_normalized_plus_scoring_environment,QB,8,31,4.7351,5.8998,0.7421,5.3871
C_normalized_plus_scoring_environment,QB,9,30,6.8041,8.3637,0.4829,7.3333
C_normalized_plus_scoring_environment,QB,10,33,6.5363,7.5876,0.5024,7.3636
C_normalized_plus_scoring_environment,QB,11,34,7.4745,9.4846,0.305,9.7647
C_normalized_plus_scoring_environment,QB,12,32,6.0002,7.6345,0.4512,7.6562
C_normalized_plus_scoring_environment,QB,13,36,5.2326,6.5254,0.5512,8.25
C_normalized_plus_scoring_environment,QB,14,35,7.0983,8.9018,0.3985,9.3429
C_normalized_plus_scoring_environment,QB,15,37,6.3732,8.4258,0.524,9.2162
C_normalized_plus_scoring_environment,QB,16,41,7.2727,8.7491,0.5447,8.7561
C_normalized_plus_scoring_environment,QB,17,36,6.2894,8.2195,0.4962,7.3333
C_normalized_plus_scoring_environment,QB,18,40,6.9482,8.5786,0.3461,10.5
C_normalized_plus_scoring_environment,RB,7,82,4.539,6.187,0.7061,12.4512
C_normalized_plus_scoring_environment,RB,8,77,5.6199,7.5777,0.5433,14.7532
C_normalized_plus_scoring_environment,RB,9,80,4.7757,6.0276,0.647,13.8875
C_normalized_plus_scoring_environment,RB,10,78,5.0064,7.1963,0.6726,12.7051
C_normalized_plus_scoring_environment,RB,11,83,4.7133,6.7449,0.6248,13.3373
C_normalized_plus_scoring_environment,RB,12,75,4.5182,6.8821,0.6607,11.3733
C_normalized_plus_scoring_environment,RB,13,86,4.1339,5.4543,0.6433,14.7442
C_normalized_plus_scoring_environment,RB,14,84,3.966,5.4442,0.7073,12.869
C_normalized_plus_scoring_environment,RB,15,91,4.8875,6.5077,0.5946,17.0879
C_normalized_plus_scoring_environment,RB,16,91,4.5565,6.0994,0.7293,13.8462
C_normalized_plus_scoring_environment,RB,17,94,4.9289,6.945,0.6397,13.3085
C_normalized_plus_scoring_environment,RB,18,91,4.4791,6.3842,0.4897,18.2198
C_normalized_plus_scoring_environment,TE,7,66,4.6555,6.4596,0.4948,12.8939
C_normalized_plus_scoring_environment,TE,8,58,4.008,5.3387,0.5868,10.1207
C_normalized_plus_scoring_environment,TE,9,63,4.0251,6.2761,0.5705,11.746
C_normalized_plus_scoring_environment,TE,10,67,4.2271,5.3463,0.5421,13.7761
C_normalized_plus_scoring_environment,TE,11,67,3.503,4.6694,0.6293,13.6716
C_normalized_plus_scoring_environment,TE,12,70,3.5641,4.4932,0.5249,15.3571
C_normalized_plus_scoring_environment,TE,13,71,3.1133,4.0606,0.6884,12.7465
C_normalized_plus_scoring_environment,TE,14,74,3.4747,4.9075,0.5081,14.2027
C_normalized_plus_scoring_environment,TE,15,69,4.4055,7.2195,0.5883,12.8261
C_normalized_plus_scoring_environment,TE,16,77,3.7849,4.9328,0.5473,16.974
C_normalized_plus_scoring_environment,TE,17,72,3.4635,5.0523,0.4873,13.75
C_normalized_plus_scoring_environment,TE,18,73,3.5062,4.9077,0.4913,14.7123
C_normalized_plus_scoring_environment,WR,7,138,4.314,6.2071,0.6055,25.1377
C_normalized_plus_scoring_environment,WR,8,115,4.1601,5.5501,0.5923,22.6348
C_normalized_plus_scoring_environment,WR,9,127,4.143,5.6987,0.6759,21.7165
C_normalized_plus_scoring_environment,WR,10,127,4.2701,5.7464,0.5955,23.8189
C_normalized_plus_scoring_environment,WR,11,130,4.6415,6.392,0.4897,26.0231
C_normalized_plus_scoring_environment,WR,12,126,4.433,5.8205,0.6656,22.8016
C_normalized_plus_scoring_environment,WR,13,148,4.6714,6.2844,0.5232,28.6892
C_normalized_plus_scoring_environment,WR,14,126,4.2684,5.8768,0.6265,23.0238
C_normalized_plus_scoring_environment,WR,15,141,4.2943,5.8185,0.6304,25.3475
C_normalized_plus_scoring_environment,WR,16,148,4.4755,6.3652,0.5719,27.4324
C_normalized_plus_scoring_environment,WR,17,146,3.9149,5.3132,0.5666,30.4863
C_normalized_plus_scoring_environment,WR,18,137,4.0333,5.4773,0.546,29.0292
D_normalized_plus_matchup,QB,7,35,6.9582,8.512,0.4834,7.5429
D_normalized_plus_matchup,QB,8,31,4.8741,5.9602,0.7343,5.5806
D_normalized_plus_matchup,QB,9,30,7.075,8.6217,0.4519,7.6
D_normalized_plus_matchup,QB,10,33,6.3439,7.2961,0.5494,7.303
D_normalized_plus_matchup,QB,11,34,7.2111,9.3859,0.276,9.7647
D_normalized_plus_matchup,QB,12,32,5.7612,7.3112,0.5178,7.2812
D_normalized_plus_matchup,QB,13,36,4.997,6.3255,0.594,7.8056
D_normalized_plus_matchup,QB,14,35,6.8476,8.7393,0.4359,8.8857
D_normalized_plus_matchup,QB,15,37,6.3127,8.3932,0.5326,9.3784
D_normalized_plus_matchup,QB,16,41,6.8072,8.1994,0.6194,7.7805
D_normalized_plus_matchup,QB,17,36,6.3895,8.1188,0.5161,7.2222
D_normalized_plus_matchup,QB,18,40,6.7497,8.5614,0.3692,9.65
D_normalized_plus_matchup,RB,7,82,4.4828,6.2565,0.6935,12.7683
D_normalized_plus_matchup,RB,8,77,5.6365,7.7028,0.5264,14.6234
D_normalized_plus_matchup,RB,9,80,4.3925,5.7197,0.6558,13.7875
D_normalized_plus_matchup,RB,10,78,4.9106,7.2538,0.6665,13.0897
D_normalized_plus_matchup,RB,11,83,4.7794,6.854,0.6113,13.759
D_normalized_plus_matchup,RB,12,75,4.6977,7.0438,0.6395,11.7467
D_normalized_plus_matchup,RB,13,86,4.0656,5.3607,0.6524,14.7558
D_normalized_plus_matchup,RB,14,84,3.9772,5.4882,0.7002,12.3929
D_normalized_plus_matchup,RB,15,91,4.938,6.5212,0.5908,16.7473
D_normalized_plus_matchup,RB,16,91,4.4544,6.1552,0.7249,13.5604
D_normalized_plus_matchup,RB,17,94,4.9184,6.9529,0.6366,13.7979
D_normalized_plus_matchup,RB,18,91,4.4186,6.3445,0.489,17.6923
D_normalized_plus_matchup,TE,7,66,4.671,6.5,0.4837,13.4848
D_normalized_plus_matchup,TE,8,58,3.7721,5.2012,0.605,9.8448
D_normalized_plus_matchup,TE,9,63,4.1113,6.3884,0.5508,12.6984
D_normalized_plus_matchup,TE,10,67,4.1597,5.3458,0.5395,13.7761
D_normalized_plus_matchup,TE,11,67,3.448,4.6573,0.6196,13.8955
D_normalized_plus_matchup,TE,12,70,3.4982,4.3935,0.5422,15.1286
D_normalized_plus_matchup,TE,13,71,3.0197,3.9991,0.7021,11.9155
D_normalized_plus_matchup,TE,14,74,3.3629,4.8452,0.5148,13.9865
D_normalized_plus_matchup,TE,15,69,4.4408,7.3487,0.5754,13.058
D_normalized_plus_matchup,TE,16,77,3.7031,4.9142,0.5475,16.9221
D_normalized_plus_matchup,TE,17,72,3.51,5.1428,0.4699,14.6944
D_normalized_plus_matchup,TE,18,73,3.5736,5.0173,0.4651,15.3699
D_normalized_plus_matchup,WR,7,138,4.3267,6.1969,0.6076,25.3623
D_normalized_plus_matchup,WR,8,115,4.2631,5.6426,0.5752,22.7217
D_normalized_plus_matchup,WR,9,127,4.1816,5.7851,0.6624,22.0866
D_normalized_plus_matchup,WR,10,127,4.313,5.7771,0.5899,24.0394
D_normalized_plus_matchup,WR,11,130,4.5872,6.374,0.4926,25.4769
D_normalized_plus_matchup,WR,12,126,4.4397,5.8273,0.6649,22.7143
D_normalized_plus_matchup,WR,13,148,4.6978,6.2978,0.5195,28.7973
D_normalized_plus_matchup,WR,14,126,4.2606,5.8955,0.6233,23.0079
D_normalized_plus_matchup,WR,15,141,4.2988,5.8444,0.6259,25.4965
D_normalized_plus_matchup,WR,16,148,4.4312,6.374,0.5714,27.3649
D_normalized_plus_matchup,WR,17,146,3.9067,5.3706,0.5551,30.1986
D_normalized_plus_matchup,WR,18,137,3.9529,5.3989,0.5607,28.4088
E_normalized_plus_matchup_and_environment,QB,7,35,7.0547,8.4817,0.4945,7.7143
E_normalized_plus_matchup_and_environment,QB,8,31,4.7271,5.898,0.7421,5.3226
E_normalized_plus_matchup_and_environment,QB,9,30,6.7685,8.3261,0.4903,7.3333
E_normalized_plus_matchup_and_environment,QB,10,33,6.3693,7.4503,0.5243,7.0606
E_normalized_plus_matchup_and_environment,QB,11,34,7.536,9.5838,0.275,9.5294
E_normalized_plus_matchup_and_environment,QB,12,32,5.7991,7.4339,0.4919,7.5312
E_normalized_plus_matchup_and_environment,QB,13,36,5.0638,6.3287,0.5901,8.25
E_normalized_plus_matchup_and_environment,QB,14,35,6.8985,8.7039,0.44,8.6571
E_normalized_plus_matchup_and_environment,QB,15,37,6.3305,8.3903,0.5322,9.1622
E_normalized_plus_matchup_and_environment,QB,16,41,6.9613,8.4086,0.5946,8.2195
E_normalized_plus_matchup_and_environment,QB,17,36,6.3538,8.0949,0.5181,7.2778
E_normalized_plus_matchup_and_environment,QB,18,40,6.8708,8.6169,0.3632,9.9
E_normalized_plus_matchup_and_environment,RB,7,82,4.4593,6.1917,0.7017,12.378
E_normalized_plus_matchup_and_environment,RB,8,77,5.6345,7.5666,0.5451,14.7403
E_normalized_plus_matchup_and_environment,RB,9,80,4.7133,5.9703,0.6488,13.8125
E_normalized_plus_matchup_and_environment,RB,10,78,4.9997,7.2027,0.6719,12.7564
E_normalized_plus_matchup_and_environment,RB,11,83,4.7414,6.7679,0.6222,13.4699
E_normalized_plus_matchup_and_environment,RB,12,75,4.5702,6.9306,0.6541,11.5067
E_normalized_plus_matchup_and_environment,RB,13,86,4.1263,5.4506,0.6439,14.8488
E_normalized_plus_matchup_and_environment,RB,14,84,3.9627,5.4361,0.708,12.8214
E_normalized_plus_matchup_and_environment,RB,15,91,4.8747,6.4931,0.5967,16.956
E_normalized_plus_matchup_and_environment,RB,16,91,4.538,6.1372,0.7248,13.8022
E_normalized_plus_matchup_and_environment,RB,17,94,4.931,6.955,0.6381,13.266
E_normalized_plus_matchup_and_environment,RB,18,91,4.4756,6.372,0.4916,18.3077
E_normalized_plus_matchup_and_environment,TE,7,66,4.6661,6.4491,0.4967,12.8485
E_normalized_plus_matchup_and_environment,TE,8,58,3.9214,5.2802,0.5938,10.1897
E_normalized_plus_matchup_and_environment,TE,9,63,4.0165,6.2866,0.5682,11.9683
E_normalized_plus_matchup_and_environment,TE,10,67,4.1739,5.301,0.5451,13.5075
E_normalized_plus_matchup_and_environment,TE,11,67,3.522,4.7107,0.6148,14.2537
E_normalized_plus_matchup_and_environment,TE,12,70,3.4995,4.4064,0.5405,15.2429
E_normalized_plus_matchup_and_environment,TE,13,71,3.0795,4.082,0.6836,12.3803
E_normalized_plus_matchup_and_environment,TE,14,74,3.3592,4.8424,0.5181,14.0946
E_normalized_plus_matchup_and_environment,TE,15,69,4.4051,7.2981,0.5808,13.1739
E_normalized_plus_matchup_and_environment,TE,16,77,3.7438,4.9401,0.5442,17.0519
E_normalized_plus_matchup_and_environment,TE,17,72,3.4438,5.079,0.4827,14.1944
E_normalized_plus_matchup_and_environment,TE,18,73,3.5173,4.934,0.4855,14.9041
E_normalized_plus_matchup_and_environment,WR,7,138,4.313,6.2036,0.6063,25.471
E_normalized_plus_matchup_and_environment,WR,8,115,4.2819,5.645,0.5755,23.0609
E_normalized_plus_matchup_and_environment,WR,9,127,4.1922,5.7558,0.6679,21.7244
E_normalized_plus_matchup_and_environment,WR,10,127,4.2931,5.7555,0.5943,23.6614
E_normalized_plus_matchup_and_environment,WR,11,130,4.6574,6.4011,0.4885,25.9769
E_normalized_plus_matchup_and_environment,WR,12,126,4.4424,5.8333,0.6634,22.8413
E_normalized_plus_matchup_and_environment,WR,13,148,4.6704,6.2836,0.5233,28.5541
E_normalized_plus_matchup_and_environment,WR,14,126,4.256,5.869,0.6278,22.9762
E_normalized_plus_matchup_and_environment,WR,15,141,4.3035,5.8228,0.6296,25.305
E_normalized_plus_matchup_and_environment,WR,16,148,4.4623,6.3596,0.573,27.3311
E_normalized_plus_matchup_and_environment,WR,17,146,3.906,5.3123,0.5669,30.4247
E_normalized_plus_matchup_and_environment,WR,18,137,4.0133,5.457,0.55,29.0219
