season,week,player_id,player_name,position,team,ecr_rank,ecr_position_rank,ecr_best_rank,ecr_worst_rank,ecr_std_dev,experts_count,ecr_updated,snapshot_timestamp
2026,4,17298,Josh Allen,QB,BUF,1,1,1,1,0.0,,,2026-10-05T17:52:55+00:00
2026,4,17233,Lamar Jackson,QB,BAL,2,2,2,5,0.86,,,2026-10-05T17:52:55+00:00
2026,4,19196,Joe Burrow,QB,CIN,3,3,2,9,1.63,,,2026-10-05T17:52:55+00:00
2026,4,19780,Trevor Lawrence,QB,JAC,4,4,2,7,1.15,,,2026-10-05T17:52:55+00:00
2026,4,16413,Patrick Mahomes II,QB,KC,5,5,3,7,1.02,,,2026-10-05T17:52:55+00:00
2026,4,23096,Tyler Shough,QB,NO,6,6,3,8,1.2,,,2026-10-05T17:52:55+00:00
2026,4,19797,Brock Purdy,QB,SF,7,7,5,9,0.94,,,2026-10-05T17:52:55+00:00
2026,4,15501,Jared Goff,QB,DET,8,8,5,9,1.14,,,2026-10-05T17:52:55+00:00
2026,4,15600,Dak Prescott,QB,DAL,9,9,5,11,0.98,,,2026-10-05T17:52:55+00:00
2026,4,22900,Bryce Young,QB,CAR,10,10,5,13,1.16,,,2026-10-05T17:52:55+00:00
2026,4,22968,Jahmyr Gibbs,RB,DET,1,1,1,2,0.15,,,2026-10-05T17:52:55+00:00
2026,4,23133,Bijan Robinson,RB,ATL,2,2,2,3,0.15,,,2026-10-05T17:52:55+00:00
2026,4,16393,Christian McCaffrey,RB,SF,3,3,2,5,0.87,,,2026-10-05T17:52:55+00:00
2026,4,23021,Kenneth Walker III,RB,KC,4,4,3,6,1.07,,,2026-10-05T17:52:55+00:00
2026,4,19217,Jonathan Taylor,RB,IND,5,5,3,9,1.58,,,2026-10-05T17:52:55+00:00
2026,4,15514,Derrick Henry,RB,BAL,6,6,4,9,1.78,,,2026-10-05T17:52:55+00:00
2026,4,24209,Jaylen Warren,RB,PIT,7,7,6,12,1.9,,,2026-10-05T17:52:55+00:00
2026,4,22958,James Cook III,RB,BUF,8,8,6,14,1.28,,,2026-10-05T17:52:55+00:00
2026,4,25324,Chase Brown,RB,CIN,9,9,5,13,2.29,,,2026-10-05T17:52:55+00:00
2026,4,25989,Ashton Jeanty,RB,LV,10,10,6,13,2.28,,,2026-10-05T17:52:55+00:00
2026,4,23070,Jaxon Smith-Njigba,WR,SEA,1,1,1,2,0.15,,,2026-10-05T17:52:55+00:00
2026,4,19799,Amon-Ra St. Brown,WR,DET,2,2,2,5,0.76,,,2026-10-05T17:52:55+00:00
2026,4,19788,Ja'Marr Chase,WR,CIN,3,3,2,9,1.06,,,2026-10-05T17:52:55+00:00
2026,4,20111,Chris Olave,WR,NO,4,4,2,5,0.55,,,2026-10-05T17:52:55+00:00
2026,4,19202,CeeDee Lamb,WR,DAL,5,5,4,10,1.57,,,2026-10-05T17:52:55+00:00
2026,4,23072,Garrett Wilson,WR,NYJ,6,6,6,11,1.16,,,2026-10-05T17:52:55+00:00
2026,4,23163,Drake London,WR,ATL,7,7,5,11,1.03,,,2026-10-05T17:52:55+00:00
2026,4,23180,Puka Nacua,WR,LAR,8,8,5,19,3.27,,,2026-10-05T17:52:55+00:00
2026,4,23106,Parker Washington,WR,JAC,9,9,5,13,1.52,,,2026-10-05T17:52:55+00:00
2026,4,22916,Zay Flowers,WR,BAL,10,10,5,18,1.98,,,2026-10-05T17:52:55+00:00
2026,4,22955,Brock Bowers,TE,LV,1,1,1,2,0.41,,,2026-10-05T17:52:55+00:00
2026,4,22936,Trey McBride,TE,ARI,2,2,1,3,0.45,,,2026-10-05T17:52:55+00:00
2026,4,16499,George Kittle,TE,SF,3,3,3,6,0.65,,,2026-10-05T17:52:55+00:00
2026,4,26434,Tyler Warren,TE,IND,4,4,3,6,0.81,,,2026-10-05T17:52:55+00:00
2026,4,11594,Travis Kelce,TE,KC,5,5,4,9,0.93,,,2026-10-05T17:52:55+00:00
2026,4,25247,Dalton Kincaid,TE,BUF,6,6,4,8,0.81,,,2026-10-05T17:52:55+00:00
2026,4,22978,Sam LaPorta,TE,DET,7,7,6,10,1.19,,,2026-10-05T17:52:55+00:00
2026,4,19562,Juwan Johnson,TE,NO,8,8,5,12,1.52,,,2026-10-05T17:52:55+00:00
2026,4,27050,Harold Fannin Jr.,TE,CLE,9,9,8,14,1.8,,,2026-10-05T17:52:55+00:00
2026,4,23781,Isaiah Likely,TE,NYG,10,10,7,15,2.03,,,2026-10-05T17:52:55+00:00
