position,feature,coefficient,training_rows
QB,intercept,-1.81114426,520
QB,opportunity_score,0.05704718,520
QB,production_score,0.07968869,520
QB,usage_score,-0.00382137,520
QB,redzone_score,0.03541564,520
QB,model_confidence_score,0.04414069,520
QB,matchup_score,0.09610924,520
RB,intercept,1.26246796,1255
RB,opportunity_score,-0.01447108,1255
RB,production_score,0.07714661,1255
RB,usage_score,0.13589724,1255
RB,redzone_score,0.01528247,1255
RB,model_confidence_score,-0.00092074,1255
WR,intercept,0.36699251,1997
WR,opportunity_score,0.02981899,1997
WR,production_score,0.07327213,1997
WR,usage_score,0.21543648,1997
WR,redzone_score,-0.00024242,1997
WR,model_confidence_score,0.01228819,1997
TE,intercept,-2.01539112,1028
TE,opportunity_score,0.05196508,1028
TE,production_score,0.04574131,1028
TE,usage_score,0.16850257,1028
TE,redzone_score,0.00089907,1028
TE,model_confidence_score,0.01399834,1028
TE,matchup_score,0.01503544,1028
TE,scoring_environment_score,0.02645549,1028
