snapshot_week,player_id,player_name,position,team,opponent,model_score,position_rank,projected_ppr,projected_position_rank,opportunity_score,production_score,usage_score,redzone_score,model_confidence_score,matchup_score,scoring_environment_score,projection_model,projection_training_season
4,9228,Bryce Young,QB,CAR,DET,67.0,3,23.34,1,85,73,18,88,85,80,77.0,F_position_specific,2025
4,12545,Tyler Shough,QB,NO,ATL,73.2,2,20.7,2,100,81,71,79,88,41,85.0,F_position_specific,2025
4,3163,Jared Goff,QB,DET,CAR,66.7,4,19.18,3,81,66,46,76,88,49,96.0,F_position_specific,2025
4,4984,Josh Allen,QB,BUF,NE,76.6,1,19.09,4,78,100,100,67,86,28,100.0,F_position_specific,2025
4,4046,Patrick Mahomes,QB,KC,LV,64.6,7,18.81,5,74,71,39,82,83,45,90.0,F_position_specific,2025
4,3294,Dak Prescott,QB,DAL,HOU,64.3,8,18.38,6,79,63,58,67,84,50,73.0,F_position_specific,2025
4,8183,Brock Purdy,QB,SF,DEN,64.8,6,18.08,7,64,83,49,55,89,41,86.0,F_position_specific,2025
4,96,Aaron Rodgers,QB,PIT,IND,56.5,21,17.77,8,80,57,23,55,82,52,,F_position_specific,2025
4,9758,C.J. Stroud,QB,HOU,DAL,61.7,14,17.68,9,87,49,43,52,83,55,89.0,F_position_specific,2025
4,5870,Daniel Jones,QB,IND,WAS,57.0,19,17.63,10,72,38,32,45,93,70,90.0,F_position_specific,2025
4,421,Matthew Stafford,QB,LA,PHI,60.6,15,17.06,11,82,60,40,58,70,46,74.0,F_position_specific,2025
4,3257,Jacoby Brissett,QB,ARI,NYG,62.2,11,16.85,12,88,51,51,70,76,41,77.0,F_position_specific,2025
4,1737,Case Keenum,QB,CHI,NYJ,64.1,9,16.82,13,78,73,46,100,50,29,77.0,F_position_specific,2025
4,6804,Jordan Love,QB,GB,TB,57.0,20,16.57,14,86,58,21,58,84,33,63.0,F_position_specific,2025
4,1166,Kirk Cousins,QB,LV,KC,60.2,16,15.52,15,71,62,52,67,94,21,66.0,F_position_specific,2025
4,1373,Geno Smith,QB,NYJ,CHI,58.7,18,15.51,16,79,51,59,45,78,41,58.0,F_position_specific,2025
4,4017,Deshaun Watson,QB,CLE,NYJ,66.0,5,15.49,17,81,55,100,48,95,29,,F_position_specific,2025
4,7523,Trevor Lawrence,QB,JAX,CIN,56.2,22,15.39,18,61,56,37,45,81,44,82.0,F_position_specific,2025
4,11563,Bo Nix,QB,DEN,SF,62.0,12,15.32,19,72,48,72,79,86,30,70.0,F_position_specific,2025
4,6904,Jalen Hurts,QB,PHI,LAR,62.6,10,15.28,20,71,60,86,39,87,35,55.0,F_position_specific,2025
4,6770,Joe Burrow,QB,CIN,JAX,59.2,17,14.96,21,76,57,45,42,88,28,96.0,F_position_specific,2025
4,11564,Drake Maye,QB,NE,BUF,55.3,23,14.3,22,65,36,70,39,84,49,62.0,F_position_specific,2025
4,4881,Lamar Jackson,QB,BAL,TEN,62.0,13,14.22,23,64,64,71,48,89,20,96.0,F_position_specific,2025
4,12522,Cam Ward,QB,TEN,BAL,53.9,26,13.96,24,66,43,63,52,82,35,33.0,F_position_specific,2025
4,6797,Justin Herbert,QB,LAC,SEA,54.8,25,13.72,25,68,42,63,48,92,29,45.0,F_position_specific,2025
4,8161,Malik Willis,QB,MIA,MIN,55.3,24,13.4,26,71,45,93,27,84,34,25.0,F_position_specific,2025
4,2307,Marcus Mariota,QB,WAS,IND,49.6,27,13.18,27,54,44,38,18,66,52,71.0,F_position_specific,2025
4,11559,Michael Penix,QB,ATL,NO,47.0,28,12.13,28,50,42,20,50,50,40,71.0,F_position_specific,2025
4,4943,Sam Darnold,QB,SEA,LAC,46.6,29,12.05,29,49,48,11,41,32,46,84.0,F_position_specific,2025
4,2306,Jameis Winston,QB,NYG,ARI,43.5,30,11.89,30,54,16,31,14,90,52,63.0,F_position_specific,2025
4,5849,Kyler Murray,QB,MIN,MIA,38.6,31,8.44,31,39,21,29,0,42,48,82.0,F_position_specific,2025
4,13425,Jalon Daniels,QB,TB,GB,25.6,32,4.19,32,8,3,19,0,50,33,44.0,F_position_specific,2025
4,9221,Jahmyr Gibbs,RB,DET,CAR,91.0,1,22.3,1,100,100,98,100,85,80,96.0,F_position_specific,2025
4,8151,Kenneth Walker,RB,KC,LV,70.3,5,20.45,2,50,79,91,100,83,39,90.0,F_position_specific,2025
4,9509,Bijan Robinson,RB,ATL,NO,77.4,2,19.12,3,95,77,88,92,77,71,71.0,F_position_specific,2025
4,6813,Jonathan Taylor,RB,IND,WAS,72.5,4,19.07,4,90,65,93,100,81,24,90.0,F_position_specific,2025
4,12527,Ashton Jeanty,RB,LV,KC,68.9,6,17.59,5,92,55,88,100,75,43,66.0,F_position_specific,2025
4,3198,Derrick Henry,RB,BAL,TEN,73.8,3,17.49,6,83,75,75,100,83,48,96.0,F_position_specific,2025
4,7588,Javonte Williams,RB,DAL,HOU,64.0,11,15.72,7,64,50,75,92,80,20,73.0,F_position_specific,2025
4,9224,Chase Brown,RB,CIN,JAX,60.7,15,15.61,8,72,39,86,50,79,36,96.0,F_position_specific,2025
4,8228,Jaylen Warren,RB,PIT,IND,63.5,12,15.4,9,69,46,83,25,80,72,,F_position_specific,2025
4,8138,James Cook,RB,BUF,NE,66.8,8,15.29,10,77,52,74,75,82,49,100.0,F_position_specific,2025
4,4034,Christian McCaffrey,RB,SF,DEN,67.3,7,14.92,11,60,58,67,67,82,74,86.0,F_position_specific,2025
4,7594,Chuba Hubbard,RB,CAR,DET,59.4,16,14.7,12,58,53,69,58,78,45,77.0,F_position_specific,2025
4,6790,D'Andre Swift,RB,CHI,NYJ,66.7,9,14.43,13,73,58,61,100,79,59,77.0,F_position_specific,2025
4,11584,Bucky Irving,RB,TB,GB,57.1,19,14.29,14,64,43,76,25,76,80,44.0,F_position_specific,2025
4,12512,Quinshon Judkins,RB,CLE,NYJ,63.0,13,14.13,15,71,41,73,58,79,59,,F_position_specific,2025
4,8150,Kyren Williams,RB,LA,PHI,59.4,17,13.63,16,58,55,59,67,83,36,74.0,F_position_specific,2025
4,13287,Jeremiyah Love,RB,ARI,NYG,64.9,10,13.52,17,62,42,65,75,67,54,77.0,F_position_specific,2025
4,4199,Aaron Jones,RB,MIN,MIA,62.4,14,13.32,18,69,35,73,33,80,76,82.0,F_position_specific,2025
4,12481,Cam Skattebo,RB,NYG,ARI,57.4,18,13.11,19,67,36,66,75,86,39,63.0,F_position_specific,2025
4,12507,Omarion Hampton,RB,LAC,SEA,54.4,23,13.1,20,62,35,65,83,70,34,45.0,F_position_specific,2025
4,5967,Tony Pollard,RB,TEN,BAL,50.5,25,12.64,21,52,25,68,67,69,48,33.0,F_position_specific,2025
4,5892,David Montgomery,RB,HOU,DAL,55.3,21,12.06,22,51,40,56,58,54,64,89.0,F_position_specific,2025
4,12490,Bhayshul Tuten,RB,JAX,CIN,56.1,20,12.04,23,56,41,57,50,89,45,82.0,F_position_specific,2025
4,4866,Saquon Barkley,RB,PHI,LAR,46.8,29,10.67,24,47,21,58,42,63,38,55.0,F_position_specific,2025
4,11581,MarShawn Lloyd,RB,GB,TB,43.2,42,9.93,25,34,18,52,50,66,39,63.0,F_position_specific,2025
4,12533,Jacory Croskey-Merritt,RB,WAS,IND,55.1,22,9.91,26,58,24,52,42,76,72,71.0,F_position_specific,2025
4,6806,J.K. Dobbins,RB,DEN,SF,47.1,28,9.68,27,43,13,54,50,73,55,70.0,F_position_specific,2025
4,7611,Rhamondre Stevenson,RB,NE,BUF,46.1,33,9.23,28,49,27,48,8,60,70,62.0,F_position_specific,2025
4,12529,TreVeyon Henderson,RB,NE,BUF,44.9,36,9.02,29,44,26,46,13,64,70,62.0,F_position_specific,2025
4,12534,Kyle Monangai,RB,CHI,NYJ,47.6,27,8.4,30,40,31,34,50,69,59,77.0,F_position_specific,2025
4,4035,Alvin Kamara,RB,NO,ATL,46.3,31,8.16,31,44,18,43,25,87,25,85.0,F_position_specific,2025
4,12495,Ollie Gordon,RB,MIA,MIN,42.3,47,8.07,32,50,23,37,50,36,25,25.0,F_position_specific,2025
4,12474,Woody Marks,RB,HOU,DAL,44.9,37,8.01,33,35,23,38,25,74,64,89.0,F_position_specific,2025
4,11435,Emanuel Wilson,RB,SEA,LAC,52.0,24,7.84,34,38,11,38,75,37,50,84.0,F_position_specific,2025
4,8132,Tyler Allgeier,RB,ARI,NYG,50.5,26,7.46,35,37,18,36,33,57,54,77.0,F_position_specific,2025
4,12489,RJ Harvey,RB,DEN,SF,40.3,56,7.43,36,28,28,33,0,80,55,70.0,F_position_specific,2025
4,11586,Blake Corum,RB,LA,PHI,39.4,62,7.27,37,38,19,38,0,75,36,74.0,F_position_specific,2025
4,8154,Brian Robinson,RB,ATL,NO,42.8,45,6.77,38,37,23,31,8,75,71,71.0,F_position_specific,2025
4,9757,Kendre Miller,RB,NO,ATL,44.3,40,6.58,39,28,19,29,25,72,25,85.0,F_position_specific,2025
4,13414,Kaelon Black,RB,SF,DEN,42.6,46,6.55,40,31,12,32,33,50,74,86.0,F_position_specific,2025
4,12048,George Holani,RB,SEA,LAC,44.6,38,6.51,41,26,16,27,50,50,50,84.0,F_position_specific,2025
4,9511,Keaton Mitchell,RB,LAC,SEA,34.3,88,6.25,42,24,19,26,25,52,34,45.0,F_position_specific,2025
4,11576,Braelon Allen,RB,NYJ,CHI,41.3,51,6.15,43,28,17,27,25,77,47,58.0,F_position_specific,2025
4,9508,Tyjae Spears,RB,TEN,BAL,30.9,99,6.04,44,22,14,29,8,51,48,33.0,F_position_specific,2025
4,6130,Devin Singletary,RB,NYG,ARI,35.3,82,6.02,45,24,22,24,13,55,39,63.0,F_position_specific,2025
4,6323,Andrew Beck,RB,NYJ,CHI,39.5,60,5.95,46,20,20,20,50,50,47,58.0,F_position_specific,2025
4,8181,Connor Heyward,RB,LV,KC,36.2,72,5.95,46,20,20,20,50,50,43,66.0,F_position_specific,2025
4,8122,Zonovan Knight,RB,ARI,NYG,45.0,35,5.95,46,20,20,20,50,50,54,77.0,F_position_specific,2025
4,12504,Kaleb Johnson,RB,GB,TB,29.2,109,5.79,49,17,6,32,0,37,39,63.0,F_position_specific,2025
4,10219,Chris Rodriguez,RB,JAX,CIN,43.1,43,5.39,50,50,13,24,42,63,45,82.0,F_position_specific,2025
4,7567,Kenny Gainwell,RB,TB,GB,36.2,73,5.29,51,23,10,26,8,77,80,44.0,F_position_specific,2025
4,7528,Najee Harris,RB,NYG,ARI,34.8,87,5.28,52,23,9,23,38,55,39,63.0,F_position_specific,2025
4,13337,Emmett Johnson,RB,KC,LV,35.3,83,5.22,53,23,16,22,8,58,39,90.0,F_position_specific,2025
4,6039,Ty Johnson,RB,BUF,NE,36.1,78,5.14,54,14,27,15,0,50,49,100.0,F_position_specific,2025
4,4147,Samaje Perine,RB,CIN,JAX,34.9,86,5.11,55,20,14,21,17,62,36,96.0,F_position_specific,2025
4,11370,Chris Brooks,RB,GB,TB,31.8,92,5.08,56,17,8,22,33,52,39,63.0,F_position_specific,2025
4,8207,Tyler Goodson,RB,DAL,HOU,37.8,65,4.99,57,24,8,23,25,50,20,73.0,F_position_specific,2025
4,9225,Tank Bigsby,RB,PHI,LAR,31.2,96,4.85,58,20,14,18,25,30,38,55.0,F_position_specific,2025
4,11577,Will Shipley,RB,PHI,LAR,30.7,103,4.36,59,16,9,16,33,46,38,55.0,F_position_specific,2025
4,13305,Mike Washington,RB,LV,KC,37.2,69,4.29,60,50,16,17,17,57,43,66.0,F_position_specific,2025
4,12472,Raheim Sanders,RB,CLE,NYJ,36.2,74,4.19,61,15,15,15,0,60,59,,F_position_specific,2025
4,5995,Justice Hill,RB,BAL,TEN,35.5,81,4.07,62,19,11,17,0,84,48,96.0,F_position_specific,2025
4,12928,Amar Johnson,RB,LAC,SEA,36.1,75,3.97,63,50,0,20,50,50,34,45.0,F_position_specific,2025
4,4663,Austin Ekeler,RB,WAS,IND,43.8,41,3.97,63,50,0,20,50,50,72,71.0,F_position_specific,2025
4,6659,Craig Reynolds,RB,WAS,IND,44.5,39,3.97,63,50,0,20,50,50,72,71.0,F_position_specific,2025
4,12471,DJ Giddens,RB,IND,WAS,37.7,66,3.97,63,50,0,20,50,50,24,90.0,F_position_specific,2025
4,8129,Dameon Pierce,RB,PHI,LAR,37.2,68,3.97,63,50,0,20,50,50,38,55.0,F_position_specific,2025
4,4718,Dare Ogunbowale,RB,HOU,DAL,41.1,54,3.97,63,50,0,20,50,50,64,89.0,F_position_specific,2025
4,12476,Devin Neal,RB,MIN,MIA,45.2,34,3.97,63,50,0,20,50,50,76,82.0,F_position_specific,2025
4,10223,Eric Gray,RB,CLE,NYJ,41.4,50,3.97,63,50,0,20,50,50,59,,F_position_specific,2025
4,9220,Evan Hull,RB,ARI,NYG,46.5,30,3.97,63,50,0,20,50,50,54,77.0,F_position_specific,2025
4,13047,Jacardia Wright,RB,SEA,LAC,46.2,32,3.97,63,50,0,20,50,50,50,84.0,F_position_specific,2025
4,11588,Jawhar Jordan,RB,HOU,DAL,42.0,48,3.97,63,50,0,20,50,50,64,89.0,F_position_specific,2025
4,12457,Jaydon Blue,RB,PHI,LAR,37.0,70,3.97,63,50,0,20,50,50,38,55.0,F_position_specific,2025
4,5850,Josh Jacobs,RB,GB,TB,36.1,76,3.97,63,50,0,20,50,50,39,63.0,F_position_specific,2025
4,12516,Kalel Mullings,RB,TEN,BAL,36.6,71,3.97,63,50,0,20,50,50,48,33.0,F_position_specific,2025
4,11649,Kendall Milton,RB,CIN,JAX,39.8,59,3.97,63,50,0,20,50,50,36,96.0,F_position_specific,2025
4,7720,Kene Nwangwu,RB,NYJ,CHI,40.1,57,3.97,63,50,0,20,50,50,47,58.0,F_position_specific,2025
4,7608,Khalil Herbert,RB,ATL,NO,41.9,49,3.97,63,50,0,20,50,50,71,71.0,F_position_specific,2025
4,7607,Michael Carter,RB,TEN,BAL,35.7,80,3.97,63,50,0,20,50,50,48,33.0,F_position_specific,2025
4,12897,Nate Carter,RB,KC,LV,39.9,58,3.97,63,50,0,20,50,50,39,90.0,F_position_specific,2025
4,11384,Owen Wright,RB,LV,KC,37.7,67,3.97,63,50,0,20,50,50,43,66.0,F_position_specific,2025
4,12738,Phil Mafah,RB,NYG,ARI,37.9,64,3.97,63,50,0,20,50,50,39,63.0,F_position_specific,2025
4,9506,Sean Tucker,RB,TB,GB,39.5,61,3.97,63,50,0,20,50,50,80,44.0,F_position_specific,2025
4,12826,Ulysses Bentley,RB,NO,ATL,41.2,53,3.97,63,50,0,20,50,50,25,85.0,F_position_specific,2025
4,8139,Zamir White,RB,NO,ATL,41.3,52,3.97,63,50,0,20,50,50,25,85.0,F_position_specific,2025
4,11299,Zavier Scott,RB,CHI,NYJ,41.0,55,3.97,63,50,0,20,50,50,59,77.0,F_position_specific,2025
4,6828,AJ Dillon,RB,CAR,DET,30.8,100,3.96,88,15,5,19,0,59,45,77.0,F_position_specific,2025
4,13405,Kaytron Allen,RB,WAS,IND,38.3,63,3.9,89,16,6,14,38,82,72,71.0,F_position_specific,2025
4,12491,Corey Kiner,RB,NE,BUF,30.8,101,3.81,90,17,5,18,0,47,70,62.0,F_position_specific,2025
4,2359,Ameer Abdullah,RB,JAX,CIN,31.3,95,3.7,91,15,7,16,0,65,45,82.0,F_position_specific,2025
4,11729,Sione Vaki,RB,DET,CAR,43.0,44,3.67,92,14,10,13,8,60,80,96.0,F_position_specific,2025
4,13288,Nicholas Singleton,RB,TEN,BAL,28.2,112,3.53,93,14,3,14,25,50,48,33.0,F_position_specific,2025
4,8208,Tyler Badie,RB,DEN,SF,31.0,97,3.39,94,10,11,11,0,74,55,70.0,F_position_specific,2025
4,12467,Jordan James,RB,SF,DEN,32.9,91,3.36,95,14,4,15,0,50,74,86.0,F_position_specific,2025
4,11199,Emari Demercado,RB,DAL,HOU,30.9,98,3.17,96,9,2,13,13,86,20,73.0,F_position_specific,2025
4,11439,Jaleel McLaughlin,RB,CLE,NYJ,29.6,107,3.03,97,5,14,6,0,57,59,,F_position_specific,2025
4,7204,Reggie Gilliam,RB,NE,BUF,26.7,113,2.78,98,7,4,10,0,50,70,62.0,F_position_specific,2025
4,6012,Travis Homer,RB,PIT,IND,30.8,102,2.67,99,6,1,8,25,54,72,,F_position_specific,2025
4,12969,Lan Larison,RB,NE,BUF,29.3,108,2.62,100,7,9,6,0,50,70,62.0,F_position_specific,2025
4,11647,Kimani Vidal,RB,LAC,SEA,23.8,122,2.59,101,7,4,7,13,29,34,45.0,F_position_specific,2025
4,11280,Brady Russell,RB,SEA,LAC,35.1,85,2.58,102,5,10,5,0,71,50,84.0,F_position_specific,2025
4,13347,Demond Claiborne,RB,MIN,MIA,31.8,93,2.5,103,7,2,9,0,37,76,82.0,F_position_specific,2025
4,13424,Seth McGowan,RB,IND,WAS,26.0,115,2.47,104,8,2,8,8,39,24,90.0,F_position_specific,2025
4,14026,DJ Herman,RB,MIA,MIN,22.5,124,2.42,105,5,4,7,0,34,25,25.0,F_position_specific,2025
4,11643,Jaylen Wright,RB,MIA,MIN,28.9,110,2.41,106,5,1,6,25,58,25,25.0,F_position_specific,2025
4,6931,DeeJay Dallas,RB,MIN,MIA,35.2,84,2.4,107,6,4,7,0,38,76,82.0,F_position_specific,2025
4,13277,CJ Donaldson,RB,NO,ATL,28.2,111,2.21,108,7,2,6,8,43,25,85.0,F_position_specific,2025
4,12455,Brashard Smith,RB,KC,LV,24.7,117,1.63,109,2,2,2,0,34,39,90.0,F_position_specific,2025
4,12544,LeQuint Allen,RB,JAX,CIN,33.6,89,1.48,110,50,4,5,0,47,45,82.0,F_position_specific,2025
4,11575,Ray Davis,RB,BUF,NE,24.5,119,1.48,110,2,0,2,0,24,49,100.0,F_position_specific,2025
4,11573,Frank Gore,RB,BUF,NE,35.8,79,1.25,112,50,1,5,0,50,49,100.0,F_position_specific,2025
4,13315,Dean Connors,RB,LA,PHI,23.4,123,1.22,113,0,0,0,0,50,36,74.0,F_position_specific,2025
4,12787,Josh Williams,RB,TB,GB,25.4,116,1.22,113,0,0,0,0,50,80,44.0,F_position_specific,2025
4,13516,Max Bredeson,RB,MIN,MIA,30.1,104,1.22,113,0,0,0,0,50,76,82.0,F_position_specific,2025
4,10235,Roschon Johnson,RB,CHI,NYJ,24.4,120,1.22,113,0,0,0,0,50,59,77.0,F_position_specific,2025
4,11273,Ben VanSumeren,RB,KC,LV,24.5,118,1.21,117,0,0,0,0,53,39,90.0,F_position_specific,2025
4,11574,Dylan Laube,RB,LV,KC,20.7,125,1.21,117,0,0,0,0,53,43,66.0,F_position_specific,2025
4,11571,Isaiah Davis,RB,NYJ,CHI,29.6,106,1.21,117,0,0,0,0,56,47,58.0,F_position_specific,2025
4,11237,Jacob Saylors,RB,DET,CAR,32.9,90,1.21,117,0,0,0,0,54,80,96.0,F_position_specific,2025
4,8254,Julius Chestnut,RB,TEN,BAL,20.6,126,1.21,117,0,0,0,0,53,48,33.0,F_position_specific,2025
4,11570,Rasheen Ali,RB,BAL,TEN,26.3,114,1.21,117,0,0,0,0,54,48,96.0,F_position_specific,2025
4,12543,Tahj Brooks,RB,CIN,JAX,24.2,121,1.21,117,0,0,0,0,54,36,96.0,F_position_specific,2025
4,11655,Tyrone Tracy,RB,NYG,ARI,29.7,105,1.08,124,50,2,3,0,28,39,63.0,F_position_specific,2025
4,9510,Lew Nichols,RB,PIT,IND,36.1,77,0.97,125,50,0,2,13,42,72,,F_position_specific,2025
4,12939,Anthony Tyus,RB,CAR,DET,31.4,94,0.49,126,50,0,0,0,50,45,77.0,F_position_specific,2025
4,11604,Brock Bowers,TE,LV,KC,73.4,1,18.09,1,100,100,43,100,50,37,66.0,F_position_specific,2025
4,8130,Trey McBride,TE,ARI,NYG,66.2,2,14.99,2,87,71,32,100,86,34,77.0,F_position_specific,2025
4,12518,Tyler Warren,TE,IND,WAS,54.5,5,11.99,3,62,48,25,50,81,54,90.0,F_position_specific,2025
4,8131,Isaiah Likely,TE,NYG,ARI,52.2,7,11.22,4,59,48,28,67,61,45,63.0,F_position_specific,2025
4,5001,Dalton Schultz,TE,HOU,DAL,49.1,9,10.8,5,64,48,21,17,52,44,89.0,F_position_specific,2025
4,4217,George Kittle,TE,SF,DEN,55.5,4,10.29,6,41,57,22,83,66,39,86.0,F_position_specific,2025
4,10236,Dalton Kincaid,TE,BUF,NE,47.1,12,10.26,7,44,56,21,17,66,20,100.0,F_position_specific,2025
4,1466,Travis Kelce,TE,KC,LV,50.4,8,10.14,8,46,59,18,33,58,54,90.0,F_position_specific,2025
4,5012,Mark Andrews,TE,BAL,TEN,44.0,15,10.05,9,46,30,25,17,85,23,96.0,F_position_specific,2025
4,7002,Juwan Johnson,TE,NO,ATL,57.0,3,9.88,10,49,61,15,100,74,44,85.0,F_position_specific,2025
4,12506,Harold Fannin,TE,CLE,NYJ,48.2,11,9.57,11,50,56,22,50,72,23,50.0,F_position_specific,2025
4,10859,Sam LaPorta,TE,DET,CAR,52.8,6,9.54,12,49,42,17,83,75,37,96.0,F_position_specific,2025
4,4993,Mike Gesicki,TE,CIN,JAX,48.4,10,8.88,13,38,57,14,50,72,24,96.0,F_position_specific,2025
4,5844,T.J. Hockenson,TE,MIN,MIA,45.6,13,8.16,14,33,27,20,33,73,42,82.0,F_position_specific,2025
4,11600,Ja'Tavion Sanders,TE,CAR,DET,41.6,23,7.94,15,50,0,20,50,50,80,77.0,F_position_specific,2025
4,3271,Tyler Higbee,TE,LA,PHI,43.6,17,7.94,15,50,42,15,50,42,21,74.0,F_position_specific,2025
4,11595,Jared Wiley,TE,KC,LV,40.3,30,7.89,17,50,0,20,50,50,54,90.0,F_position_specific,2025
4,4443,Pharaoh Brown,TE,IND,WAS,41.2,24,7.89,17,50,0,20,50,50,54,90.0,F_position_specific,2025
4,5133,Tyler Conklin,TE,DET,CAR,39.8,34,7.79,19,50,0,20,50,50,37,96.0,F_position_specific,2025
4,8799,Zaire Mitchell-Paden,TE,HOU,DAL,40.5,29,7.71,20,50,0,20,50,50,44,89.0,F_position_specific,2025
4,8583,Stone Smartt,TE,NO,ATL,40.6,28,7.61,21,50,0,20,50,50,44,85.0,F_position_specific,2025
4,7946,Jack Stoll,TE,SF,DEN,41.1,25,7.56,22,50,0,20,50,50,39,86.0,F_position_specific,2025
4,12374,Brenden Bates,TE,JAX,CIN,39.9,33,7.54,23,50,0,20,50,50,45,82.0,F_position_specific,2025
4,8111,Cade Otton,TE,TB,GB,41.0,26,7.52,24,44,28,18,33,90,32,44.0,F_position_specific,2025
4,12062,Cam Grandy,TE,MIN,MIA,43.1,18,7.5,25,50,0,20,50,50,42,82.0,F_position_specific,2025
4,13151,Nick Kallerup,TE,SEA,LAC,38.0,43,7.45,26,50,0,20,50,50,35,84.0,F_position_specific,2025
4,2505,Darren Waller,TE,CAR,DET,44.9,14,7.39,27,33,40,11,33,53,80,77.0,F_position_specific,2025
4,9482,Michael Mayer,TE,LV,KC,40.2,31,7.31,28,36,32,16,33,69,37,66.0,F_position_specific,2025
4,7600,Pat Freiermuth,TE,PIT,IND,42.2,21,7.31,28,41,28,16,17,86,45,50.0,F_position_specific,2025
4,13330,Kenyon Sadiq,TE,NYJ,CHI,37.2,51,7.26,30,38,47,15,0,51,25,58.0,F_position_specific,2025
4,12045,Jack Westover,TE,WAS,IND,39.5,36,7.25,31,50,0,20,50,50,45,71.0,F_position_specific,2025
4,8227,Teagan Quitoriano,TE,ARI,NYG,39.1,37,7.25,31,50,0,20,50,50,34,77.0,F_position_specific,2025
4,11381,Travis Vokolek,TE,ARI,NYG,39.1,38,7.25,31,50,0,20,50,50,34,77.0,F_position_specific,2025
4,8170,James Mitchell,TE,DAL,HOU,38.5,40,7.16,34,50,0,20,50,50,35,73.0,F_position_specific,2025
4,9484,Tucker Kraft,TE,GB,TB,40.1,32,7.05,35,44,24,14,17,73,41,63.0,F_position_specific,2025
4,3048,Chris Manhertz,TE,NYG,ARI,37.7,46,7.04,36,50,0,20,50,50,45,63.0,F_position_specific,2025
4,12715,Thomas Fidone,TE,NYG,ARI,37.5,49,7.04,36,50,0,20,50,50,45,63.0,F_position_specific,2025
4,8249,Lucas Krull,TE,DEN,SF,38.3,42,7.03,38,50,0,20,50,50,32,70.0,F_position_specific,2025
4,13210,Drake Dabney,TE,GB,TB,38.3,41,6.98,39,50,0,20,50,50,41,63.0,F_position_specific,2025
4,10212,Josh Whyle,TE,GB,TB,37.8,44,6.98,39,50,0,20,50,50,41,63.0,F_position_specific,2025
4,13324,Matt Hibner,TE,BAL,TEN,37.8,45,6.94,41,20,20,20,50,50,23,96.0,F_position_specific,2025
4,12700,Gavin Bartholomew,TE,MIN,MIA,41.8,22,6.85,42,20,20,20,50,50,42,82.0,F_position_specific,2025
4,8849,Tanner Conner,TE,NE,BUF,37.1,52,6.79,43,50,0,20,50,50,30,62.0,F_position_specific,2025
4,9480,Brenton Strange,TE,JAX,CIN,39.5,35,6.62,44,26,24,14,33,68,45,82.0,F_position_specific,2025
4,8110,Jake Ferguson,TE,DAL,HOU,43.9,16,6.55,45,28,41,11,67,62,35,73.0,F_position_specific,2025
4,7050,Josiah Deguara,TE,PHI,LAR,42.2,20,6.5,46,50,0,20,50,50,23,55.0,F_position_specific,2025
4,11603,AJ Barner,TE,SEA,LAC,42.4,19,6.48,47,33,28,12,67,48,35,84.0,F_position_specific,2025
4,8500,John FitzPatrick,TE,CLE,NYJ,35.3,59,6.37,48,50,0,20,50,50,23,50.0,F_position_specific,2025
4,11820,Devin Culp,TE,TB,GB,36.1,54,6.34,49,50,0,20,50,50,32,44.0,F_position_specific,2025
4,12357,David Martin-Robinson,TE,TEN,BAL,34.8,63,6.1,50,50,0,20,50,50,35,33.0,F_position_specific,2025
4,7602,Kylen Granson,TE,TEN,BAL,35.2,61,6.1,50,50,0,20,50,50,35,33.0,F_position_specific,2025
4,5857,Noah Fant,TE,NO,ATL,40.6,27,6.09,52,31,39,8,50,29,44,85.0,F_position_specific,2025
4,7694,Tommy Tremble,TE,CAR,DET,38.7,39,6.04,53,28,17,10,17,63,80,77.0,F_position_specific,2025
4,3202,Austin Hooper,TE,ATL,NO,37.5,48,5.79,54,23,24,11,25,70,52,71.0,F_position_specific,2025
4,8489,Drew Ogletree,TE,IND,WAS,36.1,55,5.4,55,50,0,3,0,80,54,90.0,F_position_specific,2025
4,12493,Oronde Gadsden,TE,LAC,SEA,37.6,47,5.31,56,50,18,8,33,62,31,45.0,F_position_specific,2025
4,5985,Foster Moreau,TE,HOU,DAL,37.2,50,5.3,57,21,21,8,33,62,44,89.0,F_position_specific,2025
4,9479,Darnell Washington,TE,PIT,IND,35.4,58,5.29,58,28,28,10,33,61,45,50.0,F_position_specific,2025
4,3214,Hunter Henry,TE,NE,BUF,33.3,67,5.24,59,26,17,13,17,59,30,62.0,F_position_specific,2025
4,12938,Jackson Meeks,TE,DET,CAR,34.3,65,5.2,60,50,7,3,0,50,37,96.0,F_position_specific,2025
4,12502,Gunnar Helm,TE,TEN,BAL,35.6,57,4.98,61,28,16,14,50,72,35,33.0,F_position_specific,2025
4,11592,Erick All,TE,CIN,JAX,30.4,81,4.88,62,23,9,10,0,50,24,96.0,F_position_specific,2025
4,8210,Chig Okonkwo,TE,WAS,IND,32.9,70,4.71,63,23,13,10,0,50,45,71.0,F_position_specific,2025
4,4144,Jonnu Smith,TE,GB,TB,35.2,60,4.71,63,23,19,7,25,84,41,63.0,F_position_specific,2025
4,8172,Greg Dulcich,TE,MIA,MIN,33.0,69,4.69,65,31,22,13,33,57,27,25.0,F_position_specific,2025
4,4066,Evan Engram,TE,DEN,SF,33.0,68,4.6,66,21,21,10,17,38,32,70.0,F_position_specific,2025
4,12517,Colston Loveland,TE,CHI,NYJ,34.8,62,4.59,67,23,10,10,50,60,23,77.0,F_position_specific,2025
4,6869,Adam Trautman,TE,DEN,SF,30.2,83,4.57,68,23,11,11,0,50,32,70.0,F_position_specific,2025
4,6001,Drew Sample,TE,CIN,JAX,32.7,71,4.47,69,19,11,7,25,64,24,96.0,F_position_specific,2025
4,12473,Mitchell Evans,TE,CAR,DET,35.8,56,4.27,70,15,13,5,33,57,80,77.0,F_position_specific,2025
4,5906,Dawson Knox,TE,BUF,NE,31.4,79,4.04,71,13,14,6,17,55,20,100.0,F_position_specific,2025
4,8145,Jeremy Ruckert,TE,NYJ,CHI,32.5,73,3.98,72,21,23,8,33,40,25,58.0,F_position_specific,2025
4,11433,Nate Adkins,TE,DEN,SF,34.2,66,3.9,73,15,25,7,50,31,32,70.0,F_position_specific,2025
4,7828,Noah Gray,TE,KC,LV,31.9,76,3.87,74,13,10,6,17,38,54,90.0,F_position_specific,2025
4,7716,John Bates,TE,WAS,IND,34.4,64,3.84,75,15,9,7,50,63,45,71.0,F_position_specific,2025
4,4995,Ian Thomas,TE,LV,KC,27.2,99,3.78,76,8,13,12,0,33,37,66.0,F_position_specific,2025
4,7553,Kyle Pitts,TE,ATL,NO,30.3,82,3.78,76,15,5,8,0,56,52,71.0,F_position_specific,2025
4,5409,Tanner Hudson,TE,CIN,JAX,28.2,88,3.5,78,12,9,4,0,65,24,96.0,F_position_specific,2025
4,13322,Sam Roush,TE,CHI,NYJ,31.5,78,3.44,79,15,8,6,25,64,23,77.0,F_position_specific,2025
4,11597,Theo Johnson,TE,NYG,ARI,27.8,92,3.37,80,19,3,8,0,41,45,63.0,F_position_specific,2025
4,12817,Jake Briningstool,TE,KC,LV,29.1,85,3.34,81,8,3,4,0,67,54,90.0,F_position_specific,2025
4,6826,Cole Kmet,TE,CHI,NYJ,28.0,89,3.25,82,13,14,6,0,40,23,77.0,F_position_specific,2025
4,13273,Josh Cuevas,TE,BAL,TEN,28.0,90,3.24,83,8,9,5,0,50,23,96.0,F_position_specific,2025
4,4054,Mo Alie-Cox,TE,IND,WAS,27.7,94,3.21,84,8,9,3,0,50,54,90.0,F_position_specific,2025
4,13421,Eli Raridon,TE,NE,BUF,31.4,80,3.19,85,8,20,4,25,78,30,62.0,F_position_specific,2025
4,5008,Durham Smythe,TE,BAL,TEN,29.0,86,3.04,86,8,3,4,25,66,23,96.0,F_position_specific,2025
4,13307,Marlin Klein,TE,HOU,DAL,32.7,72,3.03,87,8,9,3,0,50,44,89.0,F_position_specific,2025
4,13299,Nate Boerkircher,TE,JAX,CIN,32.0,75,3.0,88,8,3,4,25,66,45,82.0,F_position_specific,2025
4,12521,Elijah Arroyo,TE,SEA,LAC,27.8,91,2.98,89,8,10,4,0,50,35,84.0,F_position_specific,2025
4,1339,Zach Ertz,TE,PHI,LAR,36.2,53,2.98,89,15,7,8,50,50,23,55.0,F_position_specific,2025
4,10871,Luke Schoonmaker,TE,DAL,HOU,28.3,87,2.97,91,8,7,3,0,92,35,73.0,F_position_specific,2025
4,7536,Quintin Morris,TE,JAX,CIN,27.0,103,2.95,92,8,3,4,0,64,45,82.0,F_position_specific,2025
4,10214,Davis Allen,TE,LA,PHI,26.0,106,2.92,93,13,10,4,0,61,21,74.0,F_position_specific,2025
4,13319,Oscar Delp,TE,NO,ATL,31.8,77,2.84,94,8,7,3,0,50,44,85.0,F_position_specific,2025
4,4314,Johnny Mundt,TE,PHI,LAR,32.0,74,2.82,95,15,8,6,0,63,23,55.0,F_position_specific,2025
4,11599,Cade Stover,TE,HOU,DAL,27.0,101,2.76,96,8,3,3,0,50,44,89.0,F_position_specific,2025
4,6865,Colby Parkinson,TE,LA,PHI,27.3,97,2.75,97,13,6,5,33,48,21,74.0,F_position_specific,2025
4,12658,Jackson Hawes,TE,BUF,NE,25.5,109,2.72,98,8,0,4,0,50,20,100.0,F_position_specific,2025
4,7891,Brock Wright,TE,DET,CAR,27.2,98,2.65,99,8,5,3,0,30,37,96.0,F_position_specific,2025
4,4189,Eric Saubert,TE,SEA,LAC,29.1,84,2.56,100,8,10,3,33,30,35,84.0,F_position_specific,2025
4,11596,Ben Sinnott,TE,WAS,IND,27.3,96,2.55,101,8,3,3,0,68,45,71.0,F_position_specific,2025
4,10231,Elijah Higgins,TE,ARI,NYG,27.0,102,2.49,102,12,9,3,0,30,34,77.0,F_position_specific,2025
4,7842,Luke Farrell,TE,SF,DEN,27.7,93,2.43,103,8,5,3,0,31,39,86.0,F_position_specific,2025
4,7075,Charlie Woerner,TE,ATL,NO,26.4,105,2.27,104,8,0,3,0,50,52,71.0,F_position_specific,2025
4,11593,Brevyn Spann-Ford,TE,DAL,HOU,25.8,107,2.19,105,8,8,3,0,33,35,73.0,F_position_specific,2025
4,11942,Colson Yankoff,TE,WAS,IND,25.0,110,2.04,106,8,4,3,0,28,45,71.0,F_position_specific,2025
4,8219,Jelani Woods,TE,NYJ,CHI,24.9,111,2.02,107,8,11,3,0,50,25,58.0,F_position_specific,2025
4,7531,Feleipe Franks,TE,CAR,DET,27.1,100,1.97,108,0,0,0,0,53,80,77.0,F_position_specific,2025
4,4602,Robert Tonyan,TE,PIT,IND,27.5,95,1.83,109,8,4,3,50,50,45,50.0,F_position_specific,2025
4,11201,Blake Whiteheart,TE,CLE,NYJ,24.2,115,1.79,110,8,13,4,17,31,23,50.0,F_position_specific,2025
4,8225,Daniel Bellinger,TE,TEN,BAL,24.3,114,1.79,110,10,6,5,0,55,35,33.0,F_position_specific,2025
4,12765,Keleki Latu,TE,BUF,NE,23.5,117,1.66,112,0,0,0,0,52,20,100.0,F_position_specific,2025
4,10224,Brayden Willis,TE,SF,DEN,25.6,108,1.59,113,0,0,0,0,53,39,86.0,F_position_specific,2025
4,12079,Treyton Welch,TE,NO,ATL,24.9,112,1.59,113,0,0,0,0,50,44,85.0,F_position_specific,2025
4,8523,Nick Muse,TE,ATL,NO,24.6,113,1.39,115,0,0,0,0,53,52,71.0,F_position_specific,2025
4,7535,Hunter Long,TE,ARI,NYG,23.7,116,1.35,116,3,2,1,0,29,34,77.0,F_position_specific,2025
4,10227,Payne Durham,TE,TB,GB,22.8,118,1.25,117,8,0,3,0,50,32,44.0,F_position_specific,2025
4,10210,Cameron Latu,TE,NE,BUF,22.0,119,0.83,118,0,0,0,0,54,30,62.0,F_position_specific,2025
4,11304,E.J. Jenkins,TE,PHI,LAR,26.9,104,0.49,119,0,0,0,0,50,23,55.0,F_position_specific,2025
4,13580,Carsen Ryan,TE,CLE,NYJ,19.9,122,0.4,120,0,0,0,0,53,23,50.0,F_position_specific,2025
4,13434,Will Kacmarek,TE,MIA,MIN,19.1,123,0.37,121,5,2,3,0,33,27,25.0,F_position_specific,2025
4,13308,Bauer Sharp,TE,TB,GB,21.4,120,0.36,122,0,0,0,0,52,32,44.0,F_position_specific,2025
4,12389,Hayden Rucci,TE,LAC,SEA,21.3,121,0.34,123,0,0,0,0,50,31,45.0,F_position_specific,2025
4,9488,Jaxon Smith-Njigba,WR,SEA,LAC,76.0,1,20.33,1,100,100,40,100,86,46,84.0,F_position_specific,2025
4,7547,Amon-Ra St. Brown,WR,DET,CAR,67.0,2,16.42,2,97,73,32,100,77,21,96.0,F_position_specific,2025
4,8144,Chris Olave,WR,NO,ATL,66.9,3,15.87,3,100,68,30,67,89,60,85.0,F_position_specific,2025
4,7569,Nico Collins,WR,HOU,DAL,64.1,4,14.63,4,92,61,30,100,50,39,89.0,F_position_specific,2025
4,8167,Christian Watson,WR,GB,TB,61.8,5,14.23,5,81,67,26,100,78,27,63.0,F_position_specific,2025
4,6786,CeeDee Lamb,WR,DAL,HOU,61.1,6,14.16,6,72,66,27,67,82,63,73.0,F_position_specific,2025
4,2133,Davante Adams,WR,LA,PHI,57.6,8,13.97,7,81,63,27,33,62,53,74.0,F_position_specific,2025
4,8146,Garrett Wilson,WR,NYJ,CHI,52.8,18,13.79,8,75,55,29,33,75,32,58.0,F_position_specific,2025
4,9997,Zay Flowers,WR,BAL,TEN,55.0,11,13.62,9,54,60,29,50,82,46,96.0,F_position_specific,2025
4,9487,Parker Washington,WR,JAX,CIN,53.6,15,13.1,10,64,47,30,50,76,40,82.0,F_position_specific,2025
4,9493,Puka Nacua,WR,LA,PHI,54.2,12,12.95,11,75,36,33,50,50,53,74.0,F_position_specific,2025
4,12501,Matthew Golden,WR,GB,TB,54.0,13,12.36,12,83,44,25,67,75,27,63.0,F_position_specific,2025
4,10232,Michael Wilson,WR,ARI,NYG,58.1,7,12.29,13,86,39,27,83,57,53,77.0,F_position_specific,2025
4,7564,Ja'Marr Chase,WR,CIN,JAX,57.1,9,12.13,14,69,52,24,67,60,42,96.0,F_position_specific,2025
4,8112,Drake London,WR,ATL,NO,45.1,36,12.05,15,58,41,29,0,57,36,71.0,F_position_specific,2025
4,11610,Malik Washington,WR,MIA,MIN,45.4,33,11.98,16,72,27,30,17,84,53,25.0,F_position_specific,2025
4,3634,Kalif Raymond,WR,CHI,NYJ,49.6,24,11.44,17,58,45,24,50,72,35,77.0,F_position_specific,2025
4,2449,Stefon Diggs,WR,WAS,IND,52.9,16,11.4,18,61,43,24,67,74,51,71.0,F_position_specific,2025
4,6801,Tee Higgins,WR,CIN,JAX,50.0,23,11.29,19,64,43,23,17,74,42,96.0,F_position_specific,2025
4,12519,Luther Burden,WR,CHI,NYJ,52.0,19,11.15,20,50,36,27,100,70,35,77.0,F_position_specific,2025
4,11646,Jalen Coker,WR,CAR,DET,53.7,14,10.98,21,61,50,21,83,51,61,77.0,F_position_specific,2025
4,9500,Josh Downs,WR,IND,WAS,55.6,10,10.87,22,67,31,25,67,70,80,90.0,F_position_specific,2025
4,8137,George Pickens,WR,DAL,HOU,51.2,20,10.7,23,69,30,24,50,75,63,73.0,F_position_specific,2025
4,13298,KC Concepcion,WR,CLE,NYJ,45.1,37,10.69,24,67,22,27,50,74,35,,F_position_specific,2025
4,13279,Carnell Tate,WR,TEN,BAL,42.3,49,10.35,25,56,24,26,17,78,54,33.0,F_position_specific,2025
4,12514,Emeka Egbuka,WR,TB,GB,45.6,31,10.24,26,58,32,22,33,87,50,44.0,F_position_specific,2025
4,5846,DK Metcalf,WR,PIT,IND,45.2,35,10.23,27,64,34,21,17,77,51,,F_position_specific,2025
4,12526,Tetairoa McMillan,WR,CAR,DET,52.9,17,10.02,28,64,30,22,83,67,61,77.0,F_position_specific,2025
4,5927,Terry McLaurin,WR,WAS,IND,45.4,34,9.93,29,61,29,23,33,55,51,71.0,F_position_specific,2025
4,10218,Xavier Hutchinson,WR,HOU,DAL,45.5,32,9.81,30,64,21,23,17,85,39,89.0,F_position_specific,2025
4,7526,Jaylen Waddle,WR,DEN,SF,44.0,43,9.79,31,58,26,24,33,51,34,70.0,F_position_specific,2025
4,4983,DJ Moore,WR,BUF,NE,46.4,27,9.73,32,53,32,23,33,40,46,100.0,F_position_specific,2025
4,2216,Mike Evans,WR,SF,DEN,43.3,46,9.71,33,44,36,21,33,71,32,86.0,F_position_specific,2025
4,11834,Devaughn Vele,WR,NO,ATL,50.6,22,9.68,34,61,37,18,50,75,60,85.0,F_position_specific,2025
4,13346,Denzel Boston,WR,CLE,NYJ,44.7,40,9.6,35,50,38,19,50,71,35,,F_position_specific,2025
4,10229,Rashee Rice,WR,KC,LV,47.5,26,9.57,36,47,37,20,67,65,22,90.0,F_position_specific,2025
4,5872,Deebo Samuel,WR,SF,DEN,46.3,28,9.41,37,50,38,19,50,56,32,86.0,F_position_specific,2025
4,11632,Malik Nabers,WR,NYG,ARI,45.8,29,9.38,38,53,21,24,50,60,61,63.0,F_position_specific,2025
4,11630,Roman Wilson,WR,PIT,IND,44.1,42,9.34,39,50,38,17,33,85,51,,F_position_specific,2025
4,1479,Keenan Allen,WR,IND,WAS,48.5,25,9.29,40,56,28,21,50,56,80,90.0,F_position_specific,2025
4,9756,Jordan Addison,WR,MIN,MIA,42.2,51,9.07,41,44,23,24,17,44,24,82.0,F_position_specific,2025
4,9486,Dontayvion Wicks,WR,PHI,LAR,50.9,21,9.01,42,42,32,19,67,79,37,55.0,F_position_specific,2025
4,11635,Ladd McConkey,WR,LAC,SEA,40.0,65,8.84,43,42,35,18,33,64,23,45.0,F_position_specific,2025
4,8126,Wan'Dale Robinson,WR,TEN,BAL,42.1,52,8.72,44,50,28,20,50,42,54,33.0,F_position_specific,2025
4,9754,Quentin Johnston,WR,LAC,SEA,36.2,100,8.55,45,50,13,22,0,81,23,45.0,F_position_specific,2025
4,10213,Tre Tucker,WR,LV,KC,39.3,75,8.53,46,42,34,17,17,62,20,66.0,F_position_specific,2025
4,4177,Mack Hollins,WR,NE,BUF,44.8,39,8.41,47,44,27,19,67,55,60,62.0,F_position_specific,2025
4,12509,Tre' Harris,WR,LAC,SEA,40.2,63,8.32,48,44,24,19,50,65,23,45.0,F_position_specific,2025
4,11783,Ryan Flournoy,WR,DAL,HOU,45.8,30,7.75,49,50,15,18,67,76,63,73.0,F_position_specific,2025
4,4037,Chris Godwin,WR,TB,GB,38.1,83,7.73,50,50,22,15,0,84,50,44.0,F_position_specific,2025
4,8148,Jameson Williams,WR,DET,CAR,39.4,71,7.7,51,47,22,16,17,71,21,96.0,F_position_specific,2025
4,5045,Courtland Sutton,WR,DEN,SF,44.1,41,7.63,52,44,16,18,83,75,34,70.0,F_position_specific,2025
4,5947,Jakobi Meyers,WR,JAX,CIN,40.7,60,7.58,53,33,34,15,33,42,40,82.0,F_position_specific,2025
4,8134,Khalil Shakir,WR,BUF,NE,45.0,38,7.54,54,42,17,18,67,66,46,100.0,F_position_specific,2025
4,7571,Rashod Bateman,WR,BAL,TEN,41.1,57,7.41,55,36,26,17,33,33,46,96.0,F_position_specific,2025
4,11624,Xavier Worthy,WR,KC,LV,42.3,50,7.29,56,42,21,16,67,57,22,90.0,F_position_specific,2025
4,13317,Ted Hurst,WR,TB,GB,39.0,78,7.17,57,50,21,14,33,62,50,44.0,F_position_specific,2025
4,11620,Rome Odunze,WR,CHI,NYJ,39.9,67,7.03,58,36,21,14,33,85,35,77.0,F_position_specific,2025
4,6386,Alex Bachman,WR,LA,PHI,41.1,56,6.77,59,50,0,20,50,50,53,74.0,F_position_specific,2025
4,7746,Austin Trammell,WR,JAX,CIN,39.8,68,6.77,59,50,0,20,50,50,40,82.0,F_position_specific,2025
4,2197,Brandin Cooks,WR,SF,DEN,38.0,84,6.77,59,50,0,20,50,50,32,86.0,F_position_specific,2025
4,11806,Casey Washington,WR,CAR,DET,41.2,54,6.77,59,50,0,20,50,50,61,77.0,F_position_specific,2025
4,10444,Cedric Tillman,WR,NO,ATL,41.3,53,6.77,59,50,0,20,50,50,60,85.0,F_position_specific,2025
4,10228,Charlie Jones,WR,NYG,ARI,39.2,76,6.77,59,50,0,20,50,50,61,63.0,F_position_specific,2025
4,12829,Coleman Owen,WR,GB,TB,37.5,87,6.77,59,50,0,20,50,50,27,63.0,F_position_specific,2025
4,12888,Dalen Cambre,WR,NYG,ARI,40.1,64,6.77,59,50,0,20,50,50,61,63.0,F_position_specific,2025
4,4992,Dante Pettis,WR,SF,DEN,39.3,72,6.77,59,50,0,20,50,50,32,86.0,F_position_specific,2025
4,6149,Darius Slayton,WR,IND,WAS,42.7,47,6.77,59,50,0,20,50,50,80,90.0,F_position_specific,2025
4,8253,Deven Thompkins,WR,LV,KC,37.1,91,6.77,59,50,0,20,50,50,20,66.0,F_position_specific,2025
4,12732,Dominic Lovett,WR,DET,CAR,38.3,82,6.77,59,50,0,20,50,50,21,96.0,F_position_specific,2025
4,11474,Dylan Drummond,WR,ATL,NO,38.6,79,6.77,59,50,0,20,50,50,36,71.0,F_position_specific,2025
4,7596,Elijah Moore,WR,PHI,LAR,42.7,48,6.77,59,50,0,20,50,50,37,55.0,F_position_specific,2025
4,13101,Gage Larvadain,WR,BAL,TEN,41.2,55,6.77,59,50,0,20,50,50,46,96.0,F_position_specific,2025
4,6920,Isaiah Hodgins,WR,PIT,IND,37.4,89,6.77,59,50,0,20,50,50,51,,F_position_specific,2025
4,8117,Jalen Tolbert,WR,MIA,MIN,35.5,104,6.77,59,50,0,20,50,50,53,25.0,F_position_specific,2025
4,9497,Jalin Hyatt,WR,NYG,ARI,40.2,62,6.77,59,50,0,20,50,50,61,63.0,F_position_specific,2025
4,11911,Jeshaun Jones,WR,MIN,MIA,40.9,59,6.77,59,50,0,20,50,50,24,82.0,F_position_specific,2025
4,11210,Malik Heath,WR,ATL,NO,38.6,80,6.77,59,50,0,20,50,50,36,71.0,F_position_specific,2025
4,5781,Malik Turner,WR,SF,DEN,39.3,74,6.77,59,50,0,20,50,50,32,86.0,F_position_specific,2025
4,8076,Michael Bandy,WR,DEN,SF,38.6,81,6.77,59,50,0,20,50,50,34,70.0,F_position_specific,2025
4,7496,Nick Westbrook-Ikhine,WR,IND,WAS,43.8,44,6.77,59,50,0,20,50,50,80,90.0,F_position_specific,2025
4,12860,Theo Wease,WR,LAC,SEA,36.6,95,6.77,59,50,0,20,50,50,23,45.0,F_position_specific,2025
4,8013,Tim Jones,WR,JAX,CIN,39.8,70,6.77,59,50,0,20,50,50,40,82.0,F_position_specific,2025
4,5154,Trent Sherfield,WR,BUF,NE,41.1,58,6.77,59,50,0,20,50,50,46,100.0,F_position_specific,2025
4,6960,Tyler Johnson,WR,NYJ,CHI,37.4,90,6.77,59,50,0,20,50,50,32,58.0,F_position_specific,2025
4,6853,Van Jefferson,WR,WAS,IND,40.0,66,6.77,59,50,0,20,50,50,51,71.0,F_position_specific,2025
4,8223,Velus Jones,WR,SEA,LAC,40.4,61,6.77,59,50,0,20,50,50,46,84.0,F_position_specific,2025
4,11306,Xavier Gipson,WR,PHI,LAR,43.8,45,6.77,59,50,0,20,50,50,37,55.0,F_position_specific,2025
4,12520,Xavier Restrepo,WR,TEN,BAL,37.5,88,6.77,59,50,0,20,50,50,54,33.0,F_position_specific,2025
4,9501,DeMario Douglas,WR,NE,BUF,37.0,92,6.67,90,39,13,16,17,61,60,62.0,F_position_specific,2025
4,8121,Romeo Doubs,WR,NE,BUF,37.8,85,6.56,91,31,20,14,17,64,60,62.0,F_position_specific,2025
4,4454,Kendrick Bourne,WR,ARI,NYG,39.8,69,6.49,92,39,22,13,33,45,53,77.0,F_position_specific,2025
4,13301,Antonio Williams,WR,WAS,IND,39.0,77,6.43,93,31,24,12,33,65,51,71.0,F_position_specific,2025
4,13285,Malachi Fields,WR,NYG,ARI,35.7,103,6.25,94,33,13,14,0,76,61,63.0,F_position_specific,2025
4,8676,Rashid Shaheed,WR,SEA,LAC,35.3,107,6.15,95,36,11,15,0,55,46,84.0,F_position_specific,2025
4,12499,Elic Ayomanor,WR,TEN,BAL,39.3,73,5.89,96,25,18,12,83,73,54,33.0,F_position_specific,2025
4,8119,Jahan Dotson,WR,ATL,NO,33.2,113,5.86,97,28,8,14,0,86,36,71.0,F_position_specific,2025
4,12492,Pat Bryant,WR,DEN,SF,35.5,105,5.85,98,28,21,12,33,43,34,70.0,F_position_specific,2025
4,4039,Cooper Kupp,WR,SEA,LAC,36.8,93,5.77,99,28,23,10,17,60,46,84.0,F_position_specific,2025
4,12536,Jaylin Noel,WR,HOU,DAL,34.9,109,5.75,100,31,17,11,0,69,39,89.0,F_position_specific,2025
4,6819,Michael Pittman,WR,PIT,IND,32.6,121,5.68,101,33,15,11,0,70,51,,F_position_specific,2025
4,8180,Jalen Nailor,WR,LV,KC,32.9,118,5.66,102,31,10,13,17,68,20,66.0,F_position_specific,2025
4,7090,Darnell Mooney,WR,NYG,ARI,34.3,111,5.6,103,25,16,11,0,77,61,63.0,F_position_specific,2025
4,11631,Brian Thomas,WR,JAX,CIN,34.9,108,5.59,104,50,10,12,0,34,40,82.0,F_position_specific,2025
4,13294,Makai Lemon,WR,PHI,LAR,36.5,97,5.46,105,28,10,13,0,59,37,55.0,F_position_specific,2025
4,12718,Konata Mumpfield,WR,LA,PHI,36.3,99,5.16,106,31,21,9,17,32,53,74.0,F_position_specific,2025
4,11056,Jared Wayne,WR,HOU,DAL,35.9,102,5.15,107,33,10,11,17,57,39,89.0,F_position_specific,2025
4,11637,Keon Coleman,WR,BUF,NE,36.5,96,5.14,108,25,17,11,33,34,46,100.0,F_position_specific,2025
4,13311,Chris Bell,WR,MIA,MIN,28.7,147,4.99,109,28,14,11,0,32,53,25.0,F_position_specific,2025
4,12634,Jordan Watkins,WR,SF,DEN,31.6,125,4.9,110,17,23,8,0,50,32,86.0,F_position_specific,2025
4,11608,Isaiah Williams,WR,NYJ,CHI,31.5,127,4.88,111,28,15,10,17,35,32,58.0,F_position_specific,2025
4,12497,Tory Horton,WR,SEA,LAC,33.5,112,4.85,112,25,22,7,0,50,46,84.0,F_position_specific,2025
4,13274,Germie Bernard,WR,PIT,IND,31.4,128,4.76,113,31,12,10,33,36,51,,F_position_specific,2025
4,11628,Marvin Harrison,WR,ARI,NYG,36.8,94,4.76,113,50,11,7,0,48,53,77.0,F_position_specific,2025
4,11421,Ryan Miller,WR,MIA,MIN,29.3,142,4.71,115,17,26,6,0,52,53,25.0,F_position_specific,2025
4,7039,Cody White,WR,LV,KC,35.4,106,4.65,116,17,23,7,67,49,20,66.0,F_position_specific,2025
4,13338,Kevin Coleman,WR,MIA,MIN,30.4,134,4.61,117,50,2,9,0,54,53,25.0,F_position_specific,2025
4,9504,Kayshon Boutte,WR,HOU,DAL,36.0,101,4.59,118,25,13,8,33,66,39,89.0,F_position_specific,2025
4,6783,Jerry Jeudy,WR,CLE,NYJ,26.6,160,4.54,119,22,11,10,0,45,35,,F_position_specific,2025
4,8147,John Metchie,WR,CAR,DET,37.6,86,4.51,120,50,14,6,25,28,61,77.0,F_position_specific,2025
4,3269,Chris Moore,WR,BAL,TEN,32.7,120,4.38,121,17,15,8,17,56,46,96.0,F_position_specific,2025
4,12535,Isaac TeSlaa,WR,DET,CAR,33.0,115,4.37,122,25,14,8,33,42,21,96.0,F_position_specific,2025
4,12542,Efton Chism,WR,NE,BUF,36.3,98,4.29,123,50,4,6,25,69,60,62.0,F_position_specific,2025
4,8168,Skyy Moore,WR,GB,TB,33.1,114,4.27,124,31,8,9,50,38,27,63.0,F_position_specific,2025
4,8188,Tyquan Thornton,WR,KC,LV,30.0,139,4.19,125,19,16,7,0,47,22,90.0,F_position_specific,2025
4,12485,Tez Johnson,WR,TB,GB,30.3,136,4.03,126,22,7,9,33,46,50,44.0,F_position_specific,2025
4,7587,Dyami Brown,WR,WAS,IND,31.0,130,3.89,127,25,6,9,17,33,51,71.0,F_position_specific,2025
4,13264,Dohnte Meyers,WR,CIN,JAX,30.9,131,3.84,128,22,9,8,0,35,42,96.0,F_position_specific,2025
4,6271,Olamide Zaccheaus,WR,ATL,NO,28.6,149,3.79,129,17,5,8,0,67,36,71.0,F_position_specific,2025
4,13394,Josh Cameron,WR,JAX,CIN,31.4,129,3.63,130,11,17,6,33,33,40,82.0,F_position_specific,2025
4,7562,Tutu Atwell,WR,LA,PHI,30.2,138,3.58,131,17,8,7,0,50,53,74.0,F_position_specific,2025
4,13420,Bryce Lance,WR,NO,ATL,32.9,117,3.55,132,22,9,6,17,47,60,85.0,F_position_specific,2025
4,13079,Jahdae Walker,WR,CHI,NYJ,33.0,116,3.54,133,8,20,4,50,50,35,77.0,F_position_specific,2025
4,11627,Troy Franklin,WR,DEN,SF,29.3,143,3.54,133,14,7,7,17,60,34,70.0,F_position_specific,2025
4,8200,Kevin Austin,WR,NO,ATL,34.7,110,3.49,135,50,5,3,0,50,60,85.0,F_position_specific,2025
4,4981,Calvin Ridley,WR,TEN,BAL,26.2,162,3.4,136,13,8,7,0,45,54,33.0,F_position_specific,2025
4,8135,Treylon Burks,WR,WAS,IND,31.7,124,3.39,137,13,13,5,25,50,51,71.0,F_position_specific,2025
4,11629,Devontez Walker,WR,BAL,TEN,30.2,137,3.3,138,13,8,6,0,54,46,96.0,F_position_specific,2025
4,3155,Laquon Treadwell,WR,IND,WAS,32.8,119,3.22,139,14,12,5,0,39,80,90.0,F_position_specific,2025
4,12496,Tai Felton,WR,MIN,MIA,29.2,144,3.21,140,17,0,8,0,50,24,82.0,F_position_specific,2025
4,11157,Brycen Tremayne,WR,CAR,DET,30.3,135,3.19,141,17,12,5,0,29,61,77.0,F_position_specific,2025
4,12523,Jimmy Horn,WR,CLE,NYJ,29.0,146,3.12,142,50,0,3,0,50,35,,F_position_specific,2025
4,12547,Kyle Williams,WR,NE,BUF,27.0,157,3.1,143,14,6,7,0,30,60,62.0,F_position_specific,2025
4,13333,Deion Burks,WR,IND,WAS,31.5,126,3.07,144,17,4,6,0,50,80,90.0,F_position_specific,2025
4,7757,Ben Skowronek,WR,PIT,IND,25.4,166,3.06,145,11,12,4,17,51,51,,F_position_specific,2025
4,8917,KaVontae Turpin,WR,DAL,HOU,30.6,133,3.02,146,14,10,5,17,35,63,73.0,F_position_specific,2025
4,7049,Jauan Jennings,WR,MIN,MIA,29.9,140,2.85,147,13,2,6,0,53,24,82.0,F_position_specific,2025
4,12503,Isaiah Bond,WR,CLE,NYJ,23.7,182,2.66,148,8,5,3,0,85,35,,F_position_specific,2025
4,12699,LaJohntay Wester,WR,BAL,TEN,28.1,152,2.62,149,11,6,5,0,33,46,96.0,F_position_specific,2025
4,4274,David Moore,WR,CAR,DET,28.6,148,2.57,150,17,0,5,0,50,61,77.0,F_position_specific,2025
4,13320,Zachariah Branch,WR,ATL,NO,24.8,174,2.51,151,11,5,5,0,30,36,71.0,F_position_specific,2025
4,9494,Marvin Mims,WR,DEN,SF,30.7,132,2.47,152,50,0,0,0,50,34,70.0,F_position_specific,2025
4,13199,Montorie Foster,WR,SEA,LAC,32.3,122,2.47,152,50,0,0,0,50,46,84.0,F_position_specific,2025
4,11623,Jordan Whittington,WR,LA,PHI,27.8,154,2.45,154,8,5,4,0,50,53,74.0,F_position_specific,2025
4,13329,Malik Benson,WR,LV,KC,23.6,184,2.45,154,14,1,5,0,42,20,66.0,F_position_specific,2025
4,12505,Jalen Royals,WR,KC,LV,26.6,159,2.34,156,8,10,3,17,29,22,90.0,F_position_specific,2025
4,13150,Darius Cooper,WR,PHI,LAR,31.7,123,2.31,157,8,10,3,17,27,37,55.0,F_position_specific,2025
4,10225,Jonathan Mingo,WR,DAL,HOU,28.2,151,2.31,157,8,6,3,0,50,63,73.0,F_position_specific,2025
4,13770,J. Michael Sturdivant,WR,GB,TB,24.2,181,2.23,159,13,7,3,0,26,27,63.0,F_position_specific,2025
4,8204,Bo Melton,WR,GB,TB,24.4,177,2.17,160,8,2,3,0,63,27,63.0,F_position_specific,2025
4,3200,Sterling Shepard,WR,NYJ,CHI,29.1,145,2.15,161,8,4,3,50,50,32,58.0,F_position_specific,2025
4,13413,Cyrus Allen,WR,KC,LV,25.4,167,2.08,162,8,0,4,0,50,22,90.0,F_position_specific,2025
4,13541,Lewis Bond,WR,HOU,DAL,27.6,156,2.08,162,8,0,4,0,50,39,89.0,F_position_specific,2025
4,5938,Lil'Jordan Humphrey,WR,DEN,SF,24.7,175,2.08,162,8,0,4,0,50,34,70.0,F_position_specific,2025
4,6427,Ashton Dulin,WR,IND,WAS,29.7,141,1.87,165,8,0,3,0,50,80,90.0,F_position_specific,2025
4,5086,Marquez Valdes-Scantling,WR,LAC,SEA,22.5,189,1.87,165,8,0,3,0,50,23,45.0,F_position_specific,2025
4,7521,Chris Blair,WR,ATL,NO,25.3,169,1.74,167,8,2,3,17,28,36,71.0,F_position_specific,2025
4,10234,Derius Davis,WR,LAC,SEA,21.8,191,1.72,168,6,0,3,0,43,23,45.0,F_position_specific,2025
4,11616,Jacob Cowing,WR,SF,DEN,24.9,173,1.67,169,6,0,3,0,39,32,86.0,F_position_specific,2025
4,12641,Jaylin Lane,WR,WAS,IND,25.3,170,1.65,170,6,4,2,0,31,51,71.0,F_position_specific,2025
4,12540,Chimere Dike,WR,TEN,BAL,22.5,188,1.61,171,6,3,2,0,34,54,33.0,F_position_specific,2025
4,13075,Myles Price,WR,MIN,MIA,25.9,163,1.34,172,3,0,2,0,37,24,82.0,F_position_specific,2025
4,8527,Dareke Young,WR,LV,KC,21.4,194,1.31,173,3,4,1,0,28,20,66.0,F_position_specific,2025
4,13533,Barion Brown,WR,NO,ATL,24.3,179,1.26,174,4,0,2,0,28,60,85.0,F_position_specific,2025
4,11168,Xavier Smith,WR,LA,PHI,27.8,155,1.18,175,3,0,1,17,42,53,74.0,F_position_specific,2025
4,11034,Jalen Brooks,WR,ARI,NYG,25.6,165,1.17,176,4,0,1,0,38,53,77.0,F_position_specific,2025
4,13411,Zavion Thomas,WR,CHI,NYJ,25.0,172,1.17,176,4,2,1,0,26,35,77.0,F_position_specific,2025
4,11762,Anthony Gould,WR,IND,WAS,28.3,150,1.02,178,0,0,0,0,53,80,90.0,F_position_specific,2025
4,8414,Britain Covey,WR,PHI,LAR,28.0,153,1.02,178,0,0,0,0,53,37,55.0,F_position_specific,2025
4,6847,Devin Duvernay,WR,ARI,NYG,25.2,171,1.02,178,0,0,0,0,53,53,77.0,F_position_specific,2025
4,5970,Greg Dortch,WR,BUF,NE,25.8,164,1.02,178,0,0,0,0,53,46,100.0,F_position_specific,2025
4,11994,Kameron Johnson,WR,TB,GB,22.1,190,1.02,178,0,0,0,0,53,50,44.0,F_position_specific,2025
4,11617,Malachi Corley,WR,CLE,NYJ,19.4,196,1.02,178,0,0,0,0,53,35,,F_position_specific,2025
4,11320,Nikko Remigio,WR,KC,LV,23.1,185,1.02,178,0,0,0,0,53,22,90.0,F_position_specific,2025
4,7812,Simi Fehoko,WR,ARI,NYG,25.4,168,1.02,178,0,0,0,0,53,53,77.0,F_position_specific,2025
4,8250,Tay Martin,WR,DET,CAR,23.0,186,1.02,178,0,0,0,0,53,21,96.0,F_position_specific,2025
4,5121,Braxton Berrios,WR,NYG,ARI,24.5,176,1.01,187,0,0,0,0,52,61,63.0,F_position_specific,2025
4,13491,Kaden Wetjen,WR,PIT,IND,20.2,195,1.01,187,0,0,0,0,52,51,,F_position_specific,2025
4,6588,Tom Kennedy,WR,DET,CAR,22.7,187,1.01,187,0,0,0,0,52,21,96.0,F_position_specific,2025
4,11506,Jalen Cropper,WR,NO,ATL,26.7,158,0.98,190,0,0,0,0,50,60,85.0,F_position_specific,2025
4,12925,Jamaal Pritchett,WR,NYJ,CHI,21.5,193,0.98,190,0,0,0,0,50,32,58.0,F_position_specific,2025
4,8755,Kaden Davis,WR,CHI,NYJ,24.4,178,0.98,190,0,0,0,0,50,35,77.0,F_position_specific,2025
4,12971,Ke'Shawn Williams,WR,CIN,JAX,26.4,161,0.98,190,0,0,0,0,50,42,96.0,F_position_specific,2025
4,13981,Kolbe Katsis,WR,DEN,SF,23.7,183,0.98,190,0,0,0,0,50,34,70.0,F_position_specific,2025
4,11650,Luke McCaffrey,WR,WAS,IND,24.3,180,0.98,190,0,0,0,0,50,51,71.0,F_position_specific,2025
4,13825,Malik McClain,WR,NYJ,CHI,21.7,192,0.98,190,0,0,0,0,50,32,58.0,F_position_specific,2025
